Country,CountryCode,Y1960,Y1961,Y1962,Y1963,Y1964,Y1965,Y1966,Y1967,Y1968,Y1969,Y1970,Y1971,Y1972,Y1973,Y1974,Y1975,Y1976,Y1977,Y1978,Y1979,Y1980,Y1981,Y1982,Y1983,Y1984,Y1985,Y1986,Y1987,Y1988,Y1989,Y1990,Y1991,Y1992,Y1993,Y1994,Y1995,Y1996,Y1997,Y1998,Y1999,Y2000,Y2001,Y2002,Y2003,Y2004,Y2005,Y2006,Y2007,Y2008,Y2009,Y2010,Y2011,Y2012,Y2013,Y2014,Y2015,Y2016,Y2017
Afghanistan,AFG,537777811.1,548888895.6,546666677.8,751111191.1,800000044.4,1006666638,1399999967,1673333418,1373333367,1408888922,1748886596,1831108971,1595555476,1733333264,2155555498,2366666616,2555555567,2953333418,3300000109,3697940410,3641723322,3478787909,0,0,0,0,0,0,0,0,0,0,0,0,0,0,0,0,0,0,0,0,4055179566,4515558808,5226778809,6209137625,6971285595,9747879532,10109225814,12439087077,15856574731,17804292964,19907317066,20561069558,20484885120,19907111419,19046357714,19543976895
Albania,ALB,0,0,0,0,0,0,0,0,0,0,0,0,0,0,0,0,0,0,0,0,0,0,0,0,1857338012,1897050133,2097326250,2080796250,2051236250,2253090000,2028553750,1099559028,652174990.8,1185315468,1880951520,2392764853,3199641336,2258513974,2545964541,3212121651,3480355258,3922100794,4348068242,5611496257,7184685782,8052073539,8896072919,10677324144,12881353508,12044208086,11926957255,12890866743,12319784886,12776280961,13228247844,11386931490,11883682171,13038538300
Algeria,DZA,2723648552,2434776646,2001468868,2703014867,2909351793,3136258897,3039834559,3370843066,3852115817,4257218772,4863487493,5077222367,6761786387,8715105930,13209713643,15557934268,17728347375,20971901273,26364491313,33243422158,42345277342,44348672668,45207088716,48801369800,53698278906,57937868670,63696301893,66742267773,59089067187,55631489802,62045099643,45715367087,48003298223,49946455211,42542571306,41764052458,46941496780,48177862502,48187747529,48640574567,54790245601,54744714396,56760288974,67863829880,85324998814,1.03E+11,1.17E+11,1.35E+11,1.71E+11,1.37E+11,1.61E+11,2.00E+11,2.09E+11,2.10E+11,2.14E+11,1.66E+11,1.60E+11,1.68E+11
Argentina,ARG,0,0,24450604878,18272123664,25605249382,28344705967,28630474728,24256667553,26436857247,31256284544,31584210366,33293199095,34733000536,52544000117,72436777342,52438647922,51169499891,56781000101,58082870156,69252328953,76961923742,78676842366,84307486837,1.04E+11,79092001998,88416668900,1.11E+11,1.11E+11,1.26E+11,76636898036,1.41E+11,1.90E+11,2.29E+11,2.37E+11,2.57E+11,2.58E+11,2.72E+11,2.93E+11,2.99E+11,2.84E+11,2.84E+11,2.69E+11,97724004252,1.28E+11,1.65E+11,1.99E+11,2.33E+11,2.88E+11,3.62E+11,3.33E+11,4.24E+11,5.30E+11,5.46E+11,5.52E+11,5.26E+11,5.95E+11,5.55E+11,6.37E+11
Armenia,ARM,0,0,0,0,0,0,0,0,0,0,0,0,0,0,0,0,0,0,0,0,0,0,0,0,0,0,0,0,0,0,2256838858,2068526522,1272577456,1201313201,1315158670,1468317350,1596968913,1639492424,1893726437,1845482181,1911563665,2118467913,2376335048,2807061009,3576615240,4900469950,6384451606,9206301700,11662040714,8647936748,9260284938,10142111334,10619320049,11121465767,11609512940,10553337673,10546135160,11536590636
Australia,AUS,18573188487,19648336880,19888005376,21501847911,23758539590,25931235301,27261731437,30389741292,32657632434,36620002240,41261059469,45138313361,51954439252,63721973094,88809137804,97147343985,1.05E+11,1.10E+11,1.18E+11,1.35E+11,1.50E+11,1.77E+11,1.94E+11,1.77E+11,1.93E+11,1.80E+11,1.82E+11,1.89E+11,2.36E+11,2.99E+11,3.11E+11,3.25E+11,3.25E+11,3.12E+11,3.22E+11,3.67E+11,4.00E+11,4.35E+11,3.99E+11,3.88E+11,4.15E+11,3.78E+11,3.94E+11,4.66E+11,6.12E+11,6.93E+11,7.46E+11,8.52E+11,1.05E+12,9.26E+11,1.14E+12,1.39E+12,1.54E+12,1.57E+12,1.46E+12,1.35E+12,1.21E+12,1.32E+12
Austria,AUT,6592693841,7311749633,7756110210,8374175258,9169983886,9994070616,10887682273,11579431669,12440625313,13582798556,15373005769,17858485957,22059612417,29515467988,35189299985,40059206763,42959976068,51545759221,62052258694,73937296655,82058912465,71034228097,71275287328,72121016623,67985345162,69386774475,99036165210,1.24E+11,1.33E+11,1.33E+11,1.66E+11,1.74E+11,1.95E+11,1.90E+11,2.04E+11,2.41E+11,2.37E+11,2.13E+11,2.18E+11,2.17E+11,1.97E+11,1.97E+11,2.13E+11,2.62E+11,3.01E+11,3.16E+11,3.36E+11,3.89E+11,4.30E+11,4.00E+11,3.92E+11,4.31E+11,4.09E+11,4.30E+11,4.42E+11,3.82E+11,3.91E+11,4.17E+11
Azerbaijan,AZE,0,0,0,0,0,0,0,0,0,0,0,0,0,0,0,0,0,0,0,0,0,0,0,0,0,0,0,0,0,0,9063444102,8226390167,4970536337,3970953396,3313939554,3052467522,3176703092,3962735257,4446370371,4581246713,5272617196,5707720391,6235856820,7276013032,8680370408,13245716099,20982986344,33050343783,48852482960,44291490421,52902703376,65951627200,69683935845,74164435946,75244294275,53074370486,37867518957,40747792238
Bahrain,BHR,0,0,0,0,0,0,0,0,0,0,0,0,0,0,0,0,0,0,0,0,3072698328,3467819149,3645744681,3735106383,3905585106,3651861702,3052393617,3392021011,3702393617,3863563830,4229787234,4616223404,4751063830,5200265957,5567553457,5849467819,6101861436,6349202394,6183776596,6621010372,9062906915,8976207713,9632155053,11074822074,13150166755,15968726862,18505053191,21730000000,25710877660,22938218085,25713271277,28776595745,30749308511,32539547872,33387712766,31125851064,32152686170,35307127660
Bangladesh,BGD,4274893913,4817580184,5081413340,5319458351,5386054619,5906636557,6439687598,7253575399,7483685474,8471006101,8992721809,8751842840,6288245867,8086725729,12512460520,19448348073,10117113333,9651149302,13281767143,15565480322,18138049096,20249694002,18525399202,17609048822,18920840000,22278423077,21774033333,24298032258,26579005760,28781714764,31598341234,30957483950,31708874594,33166519418,33768660883,37939748769,46438484108,48244309133,49984559471,51270569884,53369787319,53991289844,54724081491,60158929188,65108544250,69442943089,71819083684,79611888213,91631278239,1.02E+11,1.15E+11,1.29E+11,1.33E+11,1.50E+11,1.73E+11,1.95E+11,2.21E+11,2.50E+11
Belarus,BLR,0,0,0,0,0,0,0,0,0,0,0,0,0,0,0,0,0,0,0,0,0,0,0,0,0,0,0,0,0,0,21650000000,18000000000,17037037037,16280991736,14932024169,13972676841,14756846154,14128408566,15222012660,12138486532,12736856828,12354820144,14594249023,17827791321,23144351852,30207567317,36954312354,45277399814,60763483146,50874078052,58665088956,61757788945,65685102555,75527984234,78813839984,56454734397,47749057078,54456465473
Belgium,BEL,11658722591,12400145222,13264015675,14260017387,15960106681,17371457608,18651883472,19992040788,21376353113,23710735895,26849148286,29981290025,37408591330,47999363072,56333010460,66029748931,71494539498,83283328419,1.02E+11,1.17E+11,1.28E+11,1.05E+11,92588895020,87650915976,83795680815,86730038793,1.21E+11,1.50E+11,1.63E+11,1.65E+11,2.06E+11,2.12E+11,2.36E+11,2.26E+11,2.46E+11,2.90E+11,2.81E+11,2.55E+11,2.61E+11,2.60E+11,2.38E+11,2.38E+11,2.59E+11,3.19E+11,3.71E+11,3.87E+11,4.10E+11,4.72E+11,5.19E+11,4.85E+11,4.84E+11,5.27E+11,4.98E+11,5.21E+11,5.31E+11,4.55E+11,4.68E+11,4.93E+11
Benin,BEN,226195579.4,235668222.4,236434906.8,253927646.5,269818988.3,289908720.6,302925280.8,306222000.4,326323097.4,330748211.5,333627758.2,335072975.2,410331901,504376035.7,554654787,676870140.3,698408244.4,750049739.2,928843304.8,1186231265,1405251547,1291119965,1267778489,1095348303,1051133927,1045712703,1336102041,1562412030,1620246187,1502294411,1959965244,1986437860,1695315306,2274557914,1598075932,2169627251,2361116588,2268301538,2455092582,2689787918,2569186643,2680213931,3054571082,3905366188,4521424807,4803702821,5142380779,5969535132,7132787397,7097198712,6970240895,7814081156,8152554487,9157355680,9707432016,8291155881,8573159697,9246696924
Bhutan,BTN,0,0,0,0,0,0,0,0,0,0,0,0,0,0,0,0,0,0,0,0,135653295.2,146391639.7,148934334,165585940.6,169264991.2,172217502,201375725.6,253182453.7,283855833.3,275949889.1,299787275.8,250045839.9,250794359.6,235239570.4,270801565.2,303053462.8,316420860.9,365964500.1,376955087.3,419035810.5,439158233.2,476360697.2,537050133.7,622026107.8,702682019,818869145.1,897731524.9,1196091805,1258332337,1264758198,1585472534,1820207626,1823692110,1798333726,1958819096,2059809920,2219675781,2528007911
Bolivia,BOL,373879363.6,406684585.7,444665186.4,478805990.1,539491477.3,604377104.4,669191919.2,755808080.8,857912457.9,929629629.6,1017003367,1095622896,1257615645,1262968516,2100249875,2404697651,2731984008,3227436282,3758220890,4421343606,4526916803,5872756933,5587490265,5422440962,6169501038,5377277407,3958338883,4323623622,4597615563,4715978868,4867582620,5343274312,5643893347,5734676561,5981244887,6715220507,7396966657,7925673448,8497545598,8285075872,8397912509,8141537938,7905485216,8082364868,8773451739,9549077869,11451845341,13120107688,16674276952,17339992165,19649724655,23963162984,27084497540,30659338929,32996187988,33000198263,33941126194,37508642113
Bosnia and Herzegovina,BIH,0,0,0,0,0,0,0,0,0,0,0,0,0,0,0,0,0,0,0,0,0,0,0,0,0,0,0,0,0,0,0,0,0,0,1255802469,1866572954,2786045322,3671816504,4116699437,4685729739,5505984456,5748990666,6651226179,8370020196,10596205714,11222953519,12864610994,15778767670,19112739664,17613836210,17176781337,18644723861,17226849297,18178503835,18558343508,16209702864,16911088174,18054854789
Botswana,BWA,30412308.99,32902336.64,35643207.63,38091150.57,41613969.05,45790869.75,51464435.15,58646443.51,66248256.62,77356914.08,96245114.46,126957494.4,165258093.9,244129088,306033848.4,355172413.8,372010119.6,451603325.4,590376720.6,819877300.6,1060923829,1073861599,1014907255,1172258182,1240796365,1114764007,1392634772,1965274882,2644536804,3083800685,3790567052,3942792837,4146513722,4160086253,4259330999,4730611067,4847752843,5020214747,4790458837,5484257417,5788329609,5489608300,5438857107,7511582173,8957467707,9931134941,10126940513,10939053365,10945070442,10267133178,12786654366,15351972227,14420393569,14901750765,16250750259,14406496464,15648632362,17406565823
Brazil,BRA,15165569913,15236854859,19926293839,23021477292,21211892260,21790035117,27062716578,30591834054,33875881876,37458898244,42327600098,49204456700,58539008786,79279057731,1.05E+11,1.24E+11,1.53E+11,1.76E+11,2.01E+11,2.25E+11,2.35E+11,2.64E+11,2.82E+11,2.03E+11,2.09E+11,2.23E+11,2.68E+11,2.94E+11,3.30E+11,4.26E+11,4.62E+11,6.03E+11,4.01E+11,4.38E+11,5.58E+11,7.69E+11,8.50E+11,8.83E+11,8.64E+11,5.99E+11,6.55E+11,5.59E+11,5.08E+11,5.58E+11,6.69E+11,8.92E+11,1.11E+12,1.40E+12,1.70E+12,1.67E+12,2.21E+12,2.62E+12,2.47E+12,2.47E+12,2.46E+12,1.80E+12,1.79E+12,2.06E+12
Bulgaria,BGR,0,0,0,0,0,0,0,0,0,0,0,0,0,0,0,0,0,0,0,0,19839230769,19870000000,19342000000,16563666667,17594944444,17155421053,20249294118,28101000000,22555941176,21988444444,20632090909,10943548387,10350515464,10829710145,9697416974,13063422619,10109612142,11195612105,14942172234,13531969309,13153016531,14075616789,16276456428,20982685981,25957970922,29636617750,34130122491,44411476557,54409138498,51884481410,50610058210,57418414504,53903022339,55555171010,56814543481,50201314895,53240950226,58220973783
Burkina Faso,BFA,330442817.2,350247237.1,379567178.3,394040749.1,410321785.6,422916848.4,433889831.6,450753993.2,460442864.2,478298781.5,458404330.1,482411279,578595584,674773821.2,751133642.6,939972703.5,976547572.2,1131225279,1475584037,1748480982,1928720390,1775842680,1754450379,1600278756,1459880353,1552493414,2036303381,2369835439,2616040646,2615588546,3101301781,3135045684,2240264712,2332018011,1895290965,2379518099,2586550747,2447669404,2804902724,2993753187,2628920056,2812845514,3205592290,4205691222,4838551100,5462709498,5816310158,6771277871,8369637065,8369175126,8979966766,10724063458,11166063467,11947176342,12377391463,10419303761,10886363727,12322864245
Burundi,BDI,195999990,202999992,213500006,232749998,260750008,158994963,165444571.4,178297142.9,183200000,190205714.3,242732571.4,252842285.7,246804571.4,304339839.6,345263492.1,420986666.7,448412753.6,547535555.6,610225555.6,782496666.7,919726666.7,969046666.7,1013222222,1082926304,987143931.2,1149979286,1201725497,1131466494,1082403219,1113924130,1132101253,1167398478,1083037671,938632612,925030590.2,1000428394,869033856.3,972896267.9,893770806.1,808077223.4,870486065.9,876794723.1,825394490.2,784654423.6,915257323.4,1117113046,1273375020,1356199365,1611835902,1781455092,2032135247,2235820868,2333308099,2451625333,2705783272,3104394858,2959185295,3172416146
Cambodia,KHM,637142865.7,642857134.3,660000008.6,728571437.1,782857128.6,868571428.6,914285714.3,962857134.3,1065714249,978873232.4,718401157.7,969911421.4,505549441.4,702899156,588443893.7,0,0,0,0,0,0,0,0,0,0,0,0,0,0,0,0,0,0,2533727592,2791435272,3441205693,3506695720,3443413389,3120425503,3517242477,3677897739,3984000517,4284028483,4658246918,5337833248,6293046162,7274595707,8639235842,10351914093,10401851851,11242275199,12829541141,14054443213,15227991395,16702610842,18049954289,20016747754,22158209503
Cameroon,CMR,618740988,657597382.8,699373701.2,723624365.3,782384527.8,814139855.8,853268771.1,934079050.3,1053077155,1152418515,1160002261,1233991075,1430951332,1758727395,2255496995,2752771044,3076592431,3366368665,4409920644,5811444661,6740756569,7636345827,7322914570,7381854747,7801858825,8148223604,10621158533,12302471429,12493286762,11140055364,11151578051,12434370005,11396310990,15498179313,10600157684,9643953175,10513387442,10833497458,10612847429,11198378749,10083937740,10371327756,11579343088,14548845765,17430933517,17944084201,19356046328,22365265026,26409781215,26017925552,26143818510,29337006833,29104437355,32348149947,34942948737,30916218544,32621535419,34922782311
Canada,CAN,41093453545,40767969454,41978852041,44657169109,48882938810,53909570342,60358632035,64768831262,70759031842,77887510242,87896095224,99271961478,1.13E+11,1.31E+11,1.60E+11,1.74E+11,2.07E+11,2.12E+11,2.19E+11,2.43E+11,2.74E+11,3.06E+11,3.14E+11,3.41E+11,3.55E+11,3.65E+11,3.77E+11,4.31E+11,5.07E+11,5.65E+11,5.94E+11,6.10E+11,5.92E+11,5.77E+11,5.78E+11,6.04E+11,6.29E+11,6.53E+11,6.32E+11,6.76E+11,7.42E+11,7.36E+11,7.58E+11,8.92E+11,1.02E+12,1.17E+12,1.32E+12,1.46E+12,1.55E+12,1.37E+12,1.61E+12,1.79E+12,1.82E+12,1.84E+12,1.80E+12,1.56E+12,1.54E+12,1.65E+12
Central African Republic,CAF,112155598.9,123134584.5,124482748.9,129379097.9,142025069.5,150574816.3,157930041.9,163820538.9,191767437,188039191.3,189106554.5,201450768.4,230317908,271183061.4,281398668.2,378660016.3,451152450,507298120.7,610578523.8,700764892.7,797048028.8,694803502.7,748312283.7,658679394.9,637820620.7,864849765.1,1122265026,1200991826,1264899368,1233930277,1440711396,1377375031,1411917558,1278781167,851174350.6,1115389732,1007791186,937741468,967338348.7,999477510.7,914500299.1,931833302.8,991387870.1,1139754799,1270080251,1337362392,1460561215,1697565949,1985240986,1981732634,1986015906,2195599557,2169706564,1518565298,1702899386,1583776806,1755468137,1949411659
Chad,TCD,313582727.6,333975336.6,357635713.9,371767002.7,392247517.6,416926303,432794922.5,449826323,453980096.7,471635620.9,469266736.6,501866730.7,585427545.7,647199482.8,652532796.1,864602103.3,866044961,935360466.4,1113920123,1004316495,1033002402,876937559.7,834369860.4,832415806,919103735.3,1033069710,1067828247,1163426851,1482597299,1433686310,1738605558,1877138042,1881847677,1463251055,1179837955,1445919970,1607345450,1544689503,1744794457,1534673583,1385058162,1709347793,1987622279,2736666516,4414929220,6646663561,7422102656,8638711443,10351932604,9253484108,10657705536,12156380425,12368071039,12949854263,13922223234,10945989472,10090922857,9871247732
Chile,CHL,4110000000,4609727273,5416272727,5668187500,5982347826,6026593750,7072641026,7013196078,7167086957,8377093023,9126309735,10884114754,11853817308,16836261173,16210404184,7622217352,10341925249,13962893422,15989933708,21803696985,29036709872,34509878044,25325893206,20355959237,19622527480,17702885394,18891048819,22255407685,26040229793,29885685143,33113887818,37834793730,45964327559,49297773130,57008425296,73447063319,78039572222,84952360922,81577430181,75173794497,77860932152,70979923960,69736811435,75643459840,99210392858,1.23E+11,1.55E+11,1.74E+11,1.80E+11,1.72E+11,2.19E+11,2.52E+11,2.67E+11,2.78E+11,2.61E+11,2.44E+11,2.50E+11,2.77E+11
China,CHN,59716467625,50056868958,47209359006,50706799903,59708343489,70436266147,76720285970,72881631327,70846535056,79705906247,92602973434,99800958648,1.14E+11,1.39E+11,1.44E+11,1.63E+11,1.54E+11,1.75E+11,1.50E+11,1.78E+11,1.91E+11,1.96E+11,2.05E+11,2.31E+11,2.60E+11,3.09E+11,3.01E+11,2.73E+11,3.12E+11,3.48E+11,3.61E+11,3.83E+11,4.27E+11,4.45E+11,5.64E+11,7.35E+11,8.64E+11,9.62E+11,1.03E+12,1.09E+12,1.21E+12,1.34E+12,1.47E+12,1.66E+12,1.96E+12,2.29E+12,2.75E+12,3.55E+12,4.60E+12,5.11E+12,6.10E+12,7.57E+12,8.56E+12,9.61E+12,1.05E+13,1.11E+13,1.12E+13,1.22E+13
Colombia,COL,4031152977,4540447761,4955543963,4836166667,5973366667,5760761905,5428518519,5825170438,5960212869,6450175214,7198360460,7820380971,8671358733,10315760000,12370029584,13098633902,15341403660,19470960619,23263511958,27940411250,33400735644,36388366869,38968039722,38729822782,38253120738,34894411352,34942489684,36373307085,39212550050,39540080200,47844090710,49175565911,58418985443,66446804803,81703500846,92507279383,97160109278,1.07E+11,98443739941,86186158685,99886577331,98203546156,97933391976,94684584163,1.17E+11,1.45E+11,1.61E+11,2.06E+11,2.42E+11,2.32E+11,2.86E+11,3.34E+11,3.71E+11,3.82E+11,3.81E+11,2.93E+11,2.83E+11,3.14E+11
Congo,COG,131731862.6,151675739.2,166521239.9,172233430.9,185693724.8,198318063.9,220613582.4,237397428.3,251247458,265040036.1,274960699.9,322128019.3,410669262.9,541973362.5,585364635.4,767102679,754549600.5,765224030.6,878771771.3,1198749666,1705796850,1993512326,2160640567,2097274290,2193581366,2160872541,1849268215,2297753649,2212536313,2389593022,2798746051,2724853593,2933222714,1918970032,1769365425,2116003978,2540697688,2322718991,1949481297,2353909564,3219910550,2794259783,3019993739,3495868808,4648628921,6087003176,7731261311,8394688284,11859013281,9593537551,12007880439,14425607180,13677930124,14085851348,14177437982,8553154580,9035848071,8701334800
Costa Rica,CRI,507513830,490325181.6,479180824.3,511902136.8,542578367.2,592981162.3,647305630.2,699456618.9,773841494.3,853630203.8,984830158.5,1077152902,1238251696,1528916185,1666544754,1960863466,2412555426,3072427013,3523208810,4035519323,4831447001,2623807074,2606621255,3146770104,3660476459,3919203960,4418983871,4532952047,4614629898,5251025767,5711687787,7168999670,8528593421,9537297723,10432619326,11513472786,11618286652,12552071488,13617405297,14195623343,14949514493,15913363441,16504795593,17195867468,18529767918,19952156489,22600431883,26743874206,30612932876,30562361123,37268635287,42262697840,46473128285,49745088112,50577769838,54775994478,57157992434,57285984448
Croatia,HRV,0,0,0,0,0,0,0,0,0,0,0,0,0,0,0,0,0,0,0,0,0,0,0,0,0,0,0,0,0,0,0,0,0,0,0,22387561849,23678012697,23822087054,25432144400,23386945603,21774273832,23289671101,26868450815,34667270716,41523418158,45347181466,50375095636,60093896109,70474602564,62754161039,59844207749,62404149310,56548374546,58147688052,57671307487,49490142433,51640880494,55213087271
Cyprus,CYP,0,0,0,0,0,0,0,0,0,0,0,0,0,0,0,489914760.7,576090073.7,734887974,964026512.2,1288715210,2154311277,2087496374,2159242417,2160364071,2278248953,2430411900,3090734463,3704813886,4278792597,4563482604,5591130218,5770197348,6912150456,6590291048,7425703929,9933143596,10011919699,9547822121,10248619910,10497907228,9985843544,10397896175,11420230769,14547327293,17320550000,18433416242,20072788860,23968765398,27839724623,25942664629,25562264901,27426994718,25041397919,24084559214,23364707443,19680625485,20453761062,22054225828
Czech Republic,CZE,0,0,0,0,0,0,0,0,0,0,0,0,0,0,0,0,0,0,0,0,0,0,0,0,0,0,0,0,0,0,40477403220,29675502270,34590052812,40614350197,47554674591,59775697061,66985765439,61792161168,66490372105,64867483193,61649492817,67523642262,81910771994,99627140274,1.19E+11,1.36E+11,1.55E+11,1.89E+11,2.36E+11,2.06E+11,2.07E+11,2.28E+11,2.07E+11,2.09E+11,2.08E+11,1.87E+11,1.95E+11,2.16E+11
Denmark,DNK,6248946880,6933842099,7812968114,8316692386,9506678763,10678897387,11721248101,12788479692,13196541952,15009384585,17075466667,19085681968,23232411898,30730638896,34160363583,40474400473,44575847808,49784281716,60362854967,70366280175,71127592754,61877755005,60412846239,60644833242,59105208273,62658544411,88078729452,1.09E+11,1.16E+11,1.12E+11,1.38E+11,1.39E+11,1.53E+11,1.43E+11,1.56E+11,1.85E+11,1.88E+11,1.74E+11,1.77E+11,1.78E+11,1.64E+11,1.65E+11,1.79E+11,2.18E+11,2.51E+11,2.64E+11,2.83E+11,3.19E+11,3.53E+11,3.21E+11,3.22E+11,3.44E+11,3.27E+11,3.44E+11,3.53E+11,3.01E+11,3.07E+11,3.25E+11
Dominican Republic,DOM,672399700,654100200,824100000,940799900,1025599900,888100000,983900000,1034800000,1079100000,1230500000,1485500000,1666500000,1987400000,2344800000,2925700000,3599200000,3951500000,4587100000,4734400000,5498800000,6761300000,7561300000,8267400000,9220600000,11594000000,5044592945,6122198120,5826987099,5374314928,6686593060,7073675545,9734321854,11356271336,13081042400,14664237667,16598679279,18241691857,20017908829,21672526563,22137599986,24305116729,25599311449,27362875603,21642882856,22692574473,36119047252,38116351526,44169678153,48288967303,48376555306,53982886258,57811180659,60657780261,62661773592,66065015410,68802092021,72342967648,75931656815
Ecuador,ECU,2069465326,1753850417,1518208221,1824344492,2244146868,2387048255,2429309514,2553596092,2582180794,3112166848,2862504170,2754220263,3185987235,3891755552,6599259421,7731677257,9091924305,11026346590,11922502171,14175166008,17881514683,21810767209,19929853575,17152483214,16912515183,17149094590,15314143988,13945431882,13051886552,13890828708,15239278100,16988535268,18094238119,18938717359,22708673337,24432884442,25226393197,28162053027,27981896948,19645272636,18327764882,24468324000,28548945000,32432858000,36591661000,41507085000,46802044000,51007777000,61762635000,62519686000,69555367000,79276664000,87924544000,95129659000,1.02E+11,99290381000,99937696000,1.04E+11
Egypt,EGY,0,0,0,0,0,4948667540,5278005612,5605484299,5932242991,6524455206,8042200452,8609283346,9299638056,10098534613,9228963225,11632178869,13315988083,14400806876,14811704063,18020571429,22912500556,22136081081,27655172414,30966239814,33971188992,39053502251,41253507951,40455616654,34980124929,39756299050,42978914311,37387836491,41855986519,46578631453,51897983393,60159245060,67629716981,78436578171,84828807556,90710704807,99838543960,97632008710,87850683979,82924503943,78845185293,89685725230,1.07E+11,1.30E+11,1.63E+11,1.89E+11,2.19E+11,2.36E+11,2.79E+11,2.89E+11,3.06E+11,3.33E+11,3.33E+11,2.35E+11
El Salvador,SLV,0,0,0,0,0,877720000,929520000,976200000,1009760100,1049400000,1132920000,1186120000,1263720000,1442320000,1665880000,1884120100,2328280100,2941640100,3127960000,3463639900,3573959900,3437200200,3399189100,3506347800,3661683400,3800368600,3771663200,3958045800,4189880000,4372215300,4817542204,5252342400,5813399300,6680269200,7679384000,8921947100,9586327800,10221705900,10936669900,11284197000,11784927700,12282533600,12664190300,13243892200,13724810900,14698001400,15999886400,17011750900,17986886200,17601616000,18447922400,20283783700,21386153000,21977401900,22585841200,23166030400,23912227500,24805439600
Estonia,EST,0,0,0,0,0,0,0,0,0,0,0,0,0,0,0,0,0,0,0,0,0,0,0,0,0,0,0,0,0,0,0,0,0,0,0,4373665146,4746109767,5066240419,5617109245,5726897998,5685774809,6245069734,7322069511,9833870709,12059201242,14006088297,16963625016,22237061730,24194039256,19652492637,19490936349,23170239901,23043864510,25137153149,26224622451,22566956982,23337907619,25921079612
Ethiopia,ETH,0,0,0,0,0,0,0,0,0,0,0,0,0,0,0,0,0,0,0,0,0,7324903188,7707678019,8567890821,8096302367,9480840483,9848600870,10527338647,10908935749,11476584879,12175166763,13463868357,10492993078,8830712714,6927950565,7663984568,8547939731,8589211390,7818224906,7700833482,8242392104,8231326016,7850809498,8623691300,10131187261,12401139454,15280861835,19707616773,27066912635,32437389116,29933790334,31952763089,43310721414,47648211133,55612228234,64464547915,73000980434,80561496134
Finland,FIN,5224102196,5921659485,6340580854,6885920329,7766655086,8589340019,9208524505,9368954010,8823033880,10070766721,11365953567,12536710287,14754136507,19486826980,24867278714,29494515597,31873171719,33524682308,36283091408,44498283621,53685049410,52485533205,52832120390,51014090521,52926394935,55914236378,73586676050,91642093873,1.09E+11,1.19E+11,1.42E+11,1.28E+11,1.13E+11,89255751015,1.03E+11,1.34E+11,1.32E+11,1.27E+11,1.34E+11,1.35E+11,1.26E+11,1.29E+11,1.40E+11,1.71E+11,1.97E+11,2.04E+11,2.17E+11,2.55E+11,2.84E+11,2.51E+11,2.48E+11,2.74E+11,2.57E+11,2.70E+11,2.73E+11,2.32E+11,2.39E+11,2.52E+11
France,FRA,62651474947,68346741504,76313782252,85551113767,94906593388,1.02E+11,1.11E+11,1.19E+11,1.30E+11,1.41E+11,1.48E+11,1.66E+11,2.03E+11,2.64E+11,2.86E+11,3.61E+11,3.72E+11,4.10E+11,5.07E+11,6.14E+11,7.01E+11,6.16E+11,5.85E+11,5.60E+11,5.31E+11,5.53E+11,7.71E+11,9.34E+11,1.02E+12,1.03E+12,1.27E+12,1.27E+12,1.40E+12,1.32E+12,1.39E+12,1.60E+12,1.61E+12,1.45E+12,1.50E+12,1.49E+12,1.36E+12,1.38E+12,1.49E+12,1.84E+12,2.12E+12,2.20E+12,2.32E+12,2.66E+12,2.92E+12,2.69E+12,2.64E+12,2.86E+12,2.68E+12,2.81E+12,2.85E+12,2.44E+12,2.47E+12,2.58E+12
Gabon,GAB,141468977.6,167637907.4,182796536.5,154480244.2,215679855.3,226474285.6,245849781.7,271543680.3,294468564.5,318124701,323802475.5,381687073.1,430508357.7,722780701.1,1544216004,2157592937,3009409971,2809349074,2389479269,3030251116,4279637934,3862269127,3618007844,3391275731,3561451562,3339914759,3403638194,3281797039,3834503378,4186411457,5952293766,5402919957,5592390849,4378645081,4190819314,4958845906,5694040337,5326816859,4483417120,4662992036,5067865321,5018874179,5310381151,6497305662,7756293575,9578973591,10318424464,12438956756,15508574820,12065138273,14358584300,18186478120,17171447372,17590745162,18179752010,14377324798,14014369642,15013950984
Georgia,GEO,0,0,0,0,0,0,0,0,0,0,0,0,0,0,0,0,0,0,0,0,0,0,0,0,0,0,0,0,0,0,7753501868,6357615894,3690328964,2701181331,2513870587,2693731866,3094915511,3510540844,3613500133,2800024338,3057453468,3219487752,3395739837,3991281531,5125362833,6410847045,7745401718,10172869674,12795044475,10766809096,11638536862,14434619972,15846474598,16140047042,16509305829,13993546748,14378016729,15081338092
Germany,DEU,0,0,0,0,0,0,0,0,0,0,2.15E+11,2.49E+11,2.99E+11,3.97E+11,4.44E+11,4.89E+11,5.18E+11,5.98E+11,7.38E+11,8.78E+11,9.47E+11,7.97E+11,7.74E+11,7.68E+11,7.22E+11,7.30E+11,1.04E+12,1.29E+12,1.40E+12,1.39E+12,1.76E+12,1.86E+12,2.12E+12,2.07E+12,2.21E+12,2.59E+12,2.50E+12,2.22E+12,2.24E+12,2.20E+12,1.95E+12,1.95E+12,2.08E+12,2.51E+12,2.82E+12,2.86E+12,3.00E+12,3.44E+12,3.75E+12,3.42E+12,3.42E+12,3.76E+12,3.54E+12,3.75E+12,3.89E+12,3.38E+12,3.48E+12,3.68E+12
Ghana,GHA,1217230038,1302674264,1382515590,1540797517,1731296119,2053462872,2126300573,1747187539,1666910166,1962051319,2215029450,2417107708,2112292945,2465492958,2894409938,2810106383,2765254237,3189428571,3662478185,4020227920,4445228216,4222441615,4035994398,4057275043,4412279843,4504342149,5727602645,5074829932,5197840979,5251764264,5889174825,6596546196,6413901602,5966255778,5444560669,6465137615,6934984709,6891308594,7480968858,7719354839,4983024408,5314909954,6166330136,7632406553,8881368538,10731634117,20409668522,24758819718,28526891010,25977847814,32174772956,39566292433,41939728979,63277216929,53601126664,49181854798,55009730600,58996776238
Greece,GRC,4446528165,5016048786,5327573509,5949478035,6680298251,7600579093,8455611129,9136711288,9915140546,11266091571,13139862500,14591755682,16885506818,22347844649,25351305682,28525872476,31152840485,36176233117,44270203154,54481875805,56829663469,52346507380,54617991327,49428872678,48020024788,47820850975,56379593720,65652751132,76261278405,79169043642,97891090929,1.05E+11,1.16E+11,1.09E+11,1.17E+11,1.37E+11,1.46E+11,1.43E+11,1.44E+11,1.43E+11,1.30E+11,1.36E+11,1.54E+11,2.02E+11,2.41E+11,2.48E+11,2.73E+11,3.18E+11,3.54E+11,3.30E+11,2.99E+11,2.88E+11,2.46E+11,2.40E+11,2.37E+11,1.96E+11,1.93E+11,2.00E+11
Guatemala,GTM,1043599900,1076699900,1143600000,1262800000,1299099900,1331399900,1390700000,1453500000,1610500000,1715399900,1904000000,1984800000,2101300000,2569200100,3161499900,3645900000,4365300200,5480500200,6070600200,6902600200,7878700000,8607500300,8716999700,9050000400,9470000100,9721652087,7231963516,7084399840,7841602824,8410724361,7650125217,9406097735,10440842165,11399942453,12983235568,14655404433,15674835615,17790026222,19395491993,18318412251,19288827159,18702802784,20776669473,21917706485,23965276000,27211377220,30231249362,34113107085,39136954238,37734072276,41338521642,47654783851,50388460920,53851148432,58722323918,63767597194,68663653469,75620095538
Guinea,GIN,0,0,0,0,0,0,0,0,0,0,0,0,0,0,0,0,0,0,0,0,0,0,0,0,0,0,1922600899,2041538057,2384295764,2432029380,2666616177,3014890569,3284625277,3279063318,3383218923,3693753379,3869032271,3783788551,3588376057,3461282294,2995360969,2833442750,2949637039,3446442219,3666349049,2937071767,4220019228,6281917560,6964179255,6716904635,6853467936,6785137222,7638045248,8376613797,8778473641,8794202410,8694360305,10472514515
Haiti,HTI,273187200,271066000,281896800,294883400,325281200,353251800,368948600,369124200,367968800,391820400,331200000,362800000,372000000,466800000,565400000,681400000,879000000,947000000,974200000,1080600000,1383800000,1479400000,1474200000,1623600000,1816200000,2009400000,2318000000,2047200000,2613926800,2736243800,3096289800,3473540602,2257121668,1878248741,2167564195,2813313279,2907514523,3338938830,3723909227,4153736347,3953846311,3596443005,3472191962,2960306121,3537720277,4310358096,4756204070,5885325590,6548530572,6584649419,6622541529,7516834160,7890216508,8452509316,8776350790,8724656126,7970649131,8408150518
Honduras,HND,335650000,356200000,387750000,410200000,457000000,508650000,549950000,598100000,646800000,668000050,723000000,731000000,802999950,912499950,1034500000,1124000000,1347999950,1669499950,3097242093,3544281976,3968160046,4043894879,4266503526,4476697185,4915311846,5278120713,5677828959,6190521241,5902717092,5432344902,4923009552,4648668470,4943700428,4926728939,4642280683,5347445008,5215028988,5737099646,6366340268,6414520532,7103507989,7565869928,7775078403,8140271081,8772194250,9672035709,10841742348,12275501784,13789715133,14587496229,15839344592,17710315006,18528601901,18499710128,19756494435,20979767785,21643936939,22978532897
Hungary,HUN,0,0,0,0,0,0,0,0,0,0,0,0,0,0,0,0,0,0,0,0,0,0,0,0,0,0,0,0,0,0,0,34748508332,38724945368,40119073326,43160392124,46418916500,46659796773,47290180589,48770466839,49170434391,47310623887,53821315066,67716887203,85324771841,1.04E+11,1.13E+11,1.15E+11,1.40E+11,1.58E+11,1.31E+11,1.31E+11,1.41E+11,1.28E+11,1.35E+11,1.40E+11,1.23E+11,1.26E+11,1.39E+11
Iceland,ISL,248434097,253885656.3,284916516.2,340061650.1,434267936.9,523694949.4,628893310.4,621225962.2,474399471.6,414709311.4,518902045.5,660321818.2,827213233.6,1137337734,1492743372,1386032921,1644755723,2175791271,2474614621,2811162819,3331325038,3441249882,3159121961,2724974073,2822006039,2939845038,3930518366,5438537482,6016168896,5588533007,6372905073,6807365898,6976080331,6126456175,6294803497,7018100153,7330965239,7548912105,8453704212,8917286036,8927140438,8136345144,9207689916,11316441660,13722824251,16691490114,17048647568,21319946740,17658408759,12944114736,13310567803,14732689535,14292008745,15548321544,17304033021,16942247374,20304098101,23909289979
India,IND,36535925031,38709096076,41599070242,47776000900,55726873084,58760424670,45253641303,49466168891,52377324284,57668330026,61589800520,66452561866,70509913049,84374541630,98198276857,97159222024,1.01E+11,1.20E+11,1.35E+11,1.51E+11,1.84E+11,1.91E+11,1.98E+11,2.15E+11,2.09E+11,2.29E+11,2.46E+11,2.75E+11,2.93E+11,2.92E+11,3.17E+11,2.67E+11,2.84E+11,2.76E+11,3.23E+11,3.55E+11,3.88E+11,4.10E+11,4.16E+11,4.53E+11,4.62E+11,4.79E+11,5.08E+11,6.00E+11,7.00E+11,8.09E+11,9.20E+11,1.20E+12,1.19E+12,1.32E+12,1.66E+12,1.82E+12,1.83E+12,1.86E+12,2.04E+12,2.10E+12,2.27E+12,2.60E+12
Indonesia,IDN,0,0,0,0,0,0,0,5667756645,7076465295,8337423313,9150684932,9333536360,10997590361,16273253012,25802409639,30463855422,37269156627,45808915663,51455719100,51400186379,72482337370,85518233451,90158449307,81052283405,84853699994,85289491750,79954072570,75929617577,84300174477,94451427898,1.06E+11,1.17E+11,1.28E+11,1.58E+11,1.77E+11,2.02E+11,2.27E+11,2.16E+11,95445547873,1.40E+11,1.65E+11,1.60E+11,1.96E+11,2.35E+11,2.57E+11,2.86E+11,3.65E+11,4.32E+11,5.10E+11,5.40E+11,7.55E+11,8.93E+11,9.18E+11,9.13E+11,8.91E+11,8.61E+11,9.32E+11,1.02E+12
Iran,IRN,4199134390,4426949095,4693566416,4928628018,5379845647,6197319930,6789938673,7555383690,8623172960,9743089606,10976245154,13731801565,17153463264,27081698249,46209092073,51776222350,68055295080,80600122701,77994316622,90391877325,94362275580,1.00E+11,1.26E+11,1.56E+11,1.62E+11,1.80E+11,2.09E+11,1.34E+11,1.23E+11,1.20E+11,1.25E+11,0,0,63743623232,71841461173,96419225744,1.20E+11,1.14E+11,1.10E+11,1.14E+11,1.10E+11,1.27E+11,1.29E+11,1.54E+11,1.90E+11,2.26E+11,2.66E+11,3.50E+11,4.06E+11,4.14E+11,4.87E+11,5.84E+11,5.99E+11,4.67E+11,4.34E+11,3.86E+11,4.19E+11,4.54E+11
Iraq,IRQ,1684121535,1831700364,1954634836,1978437693,2340521143,0,0,0,2896947634,3008120975,3281713806,3865346535,4113848002,5134367778,11516762614,13458516763,17754825601,19838130715,23762275652,37816457839,53405689130,38424991534,42595309883,40595046639,46802508845,48284979093,47127693792,56609842393,62503055645,65641363783,1.80E+11,0,0,0,0,0,0,0,0,0,0,0,0,0,36627901762,49954890353,65140293688,88840050497,1.32E+11,1.12E+11,1.39E+11,1.86E+11,2.18E+11,2.35E+11,2.35E+11,1.77E+11,1.71E+11,1.92E+11
Ireland,IRL,1939329775,2088012282,2260349684,2430843768,2766608946,2945704143,3104034393,3343636773,3278584478,3787077344,4401259686,5104355500,6325627655,7490132549,7906317253,9495166028,9465078404,11261811100,14665538508,18341273856,21773901764,20694944733,21500472055,20790917686,20130728786,21295486383,28748960471,33961142322,37818134253,39285385088,49364681256,49847128533,55985506499,52480253169,57166037102,69222626263,75880632560,82826146132,90082034316,98691849563,99853528653,1.09E+11,1.28E+11,1.64E+11,1.94E+11,2.12E+11,2.32E+11,2.70E+11,2.75E+11,2.36E+11,2.22E+11,2.39E+11,2.26E+11,2.39E+11,2.58E+11,2.91E+11,3.05E+11,3.34E+11
Israel,ISR,2598500000,3138500000,2510000000,2992333333,3405333333,3663333333,3980000000,4030000000,4619000000,5329333333,7045666667,6709000000,8771500000,11321750000,16334250000,15353833333,15176875000,17365700000,16836235294,21505200000,24154568627,25568701754,27826057613,31079439502,29148462483,27493591484,34083532195,40946424370,50078767903,49881433991,58986997917,67530220219,75575902932,75954641355,86307135997,1.00E+11,1.10E+11,1.15E+11,1.16E+11,1.17E+11,1.32E+11,1.31E+11,1.21E+11,1.27E+11,1.35E+11,1.42E+11,1.54E+11,1.79E+11,2.16E+11,2.07E+11,2.34E+11,2.62E+11,2.57E+11,2.92E+11,3.08E+11,2.99E+11,3.18E+11,3.51E+11
Italy,ITA,40385288344,44842760293,50383891899,57710743060,63175417019,67978153851,73654870011,81133120065,87942231678,97085082807,1.13E+11,1.24E+11,1.45E+11,1.75E+11,1.99E+11,2.27E+11,2.24E+11,2.57E+11,3.14E+11,3.92E+11,4.76E+11,4.29E+11,4.26E+11,4.42E+11,4.36E+11,4.51E+11,6.38E+11,8.03E+11,8.89E+11,9.26E+11,1.18E+12,1.24E+12,1.32E+12,1.06E+12,1.10E+12,1.17E+12,1.31E+12,1.24E+12,1.27E+12,1.25E+12,1.14E+12,1.16E+12,1.27E+12,1.57E+12,1.80E+12,1.85E+12,1.94E+12,2.20E+12,2.39E+12,2.19E+12,2.13E+12,2.28E+12,2.07E+12,2.13E+12,2.15E+12,1.83E+12,1.86E+12,1.93E+12
Jamaica,JAM,699050679,748028839.4,777712445.8,826690466.2,897931401.4,972140557.2,1096738065,1148025407,1083883355,1191287652,1404776071,1539865514,1875048860,1905917553,2375096249,2860411286,2966010230,3249697393,2644449232,2425033998,2679409453,2979061412,3293533288,3619294121,2373566957,2100223150,2754566176,3286987552,3828310735,4404970059,4592224067,4071219198,3530892749,5405097571,5419134875,6538840170,7368000000,8375077443,8763219645,8851581633,8985352832,9178016493,9694169757,9399447609,10150978155,11204416000,11901911988,12827809965,13680482787,12067478478,13200286270,14413359665,14798716216,14193012191,13852192273,14145469269,14072135209,14781107822
Japan,JPN,44307342950,53508617739,60723018684,69498131797,81749006382,90950278258,1.06E+11,1.24E+11,1.47E+11,1.72E+11,2.13E+11,2.40E+11,3.18E+11,4.32E+11,4.80E+11,5.22E+11,5.86E+11,7.21E+11,1.01E+12,1.06E+12,1.11E+12,1.22E+12,1.13E+12,1.24E+12,1.32E+12,1.40E+12,2.08E+12,2.53E+12,3.07E+12,3.05E+12,3.13E+12,3.58E+12,3.91E+12,4.45E+12,4.91E+12,5.45E+12,4.83E+12,4.41E+12,4.03E+12,4.56E+12,4.89E+12,4.30E+12,4.12E+12,4.45E+12,4.82E+12,4.76E+12,4.53E+12,4.52E+12,5.04E+12,5.23E+12,5.70E+12,6.16E+12,6.20E+12,5.16E+12,4.85E+12,4.39E+12,4.95E+12,4.87E+12
Jordan,JOR,0,0,0,0,0,599831979.8,658078969.5,631755810.7,561187342.5,698963875.7,639596751.6,678241389,788574629,943700547.8,1197454207,1363039400,1708734940,2096568479,2602748691,3271728272,3910036925,4384685230,4680567376,4920407601,4966710013,4993829194,6401380000,6755599114,6277197435,4220945005,4160003917,4344250257,5311329067,5605841536,6237739516,6727446632,6928359238,7246188575,7912327362,8149106065,8460424401,8975689845,9582453032,10195660790,11411390409,12588665303,15056929760,17110587447,21972004086,23820230000,26425379437,28840263380,30937277606,33593843662,35826925775,37517410282,38654727746,40068308451
Kazakhstan,KAZ,0,0,0,0,0,0,0,0,0,0,0,0,0,0,0,0,0,0,0,0,0,0,0,0,0,0,0,0,0,0,26932728899,24881135586,24906939560,23409027476,21250839258,20374307047,21035357833,22165932063,22135245413,16870817135,18291990619,22152694162,24636593223,30833699703,43151647003,57123671734,81003884545,1.05E+11,1.33E+11,1.15E+11,1.48E+11,1.93E+11,2.08E+11,2.37E+11,2.21E+11,1.84E+11,1.37E+11,1.63E+11
Kenya,KEN,791265458.8,792959472.1,868111400,926589348.6,998759333.6,997919320,1164519673,1232559506,1353295458,1458379415,1603447357,1778391289,2107279157,2502142444,2973309272,3259344936,3474542392,4494378855,5303734883,6234390975,7265315332,6854491454,6431579357,5979198464,6191437070,6135034338,7239126717,7970820531,8355380879,8283114648,8572359163,8151479004,8209129172,5751789915,7148145376,9046326060,12045858436,13115773738,14093998844,12896013577,12705357103,12986007426,13147743911,14904517650,16095337094,18737897745,25825524821,31958195182,35895153328,37021512049,40000088347,41953433591,50412754861,55096728048,61448041564,64007751188,70875223143,79263075749
South Korea,KOR,3957873926,2417237754,2813933900,3988246109,3458518494,3120307808,3928171298,4854576371,6117260076,7675805108,8999227202,9889961112,10842220469,13841885921,19482038223,21704752066,29779338843,38265082645,51700619835,66567975207,64980820835,72425590649,77773431088,87024427973,96597434180,1.00E+11,1.16E+11,1.46E+11,1.97E+11,2.44E+11,2.79E+11,3.26E+11,3.50E+11,3.86E+11,4.56E+11,5.56E+11,5.98E+11,5.58E+11,3.74E+11,4.85E+11,5.62E+11,5.33E+11,6.09E+11,6.81E+11,7.65E+11,8.98E+11,1.01E+12,1.12E+12,1.00E+12,9.02E+11,1.09E+12,1.20E+12,1.22E+12,1.31E+12,1.41E+12,1.38E+12,1.41E+12,1.53E+12
Kuwait,KWT,0,0,0,0,0,2097451694,2391486978,2441893027,2663119574,2769532344,2873984878,3880370402,4451200973,5408293999,13004774557,12024138276,13131668947,14135729588,15500908760,24746019537,28638550499,25056672166,21577977770,20869434305,21697297872,21442619681,17903681693,22365734482,20692472760,24312117767,18427777778,11008793176,19858555215,23941391391,24848483838,27191689008,31493987642,30354434553,25941929462,30121879435,37711864407,34890772742,38137545245,47875838926,59440108585,80797945205,1.02E+11,1.15E+11,1.47E+11,1.06E+11,1.15E+11,1.54E+11,1.74E+11,1.74E+11,1.63E+11,1.15E+11,1.11E+11,1.20E+11
Kyrgyzstan,KGZ,0,0,0,0,0,0,0,0,0,0,0,0,0,0,0,0,0,0,0,0,0,0,0,0,0,0,0,0,0,0,2675000000,2569444444,2316562500,2028295455,1681006993,1661018519,1827570586,1767864036,1645963750,1249061487,1369692689,1525112242,1605640974,1919012667,2211534585,2460248026,2834168889,3802566171,5139957785,4690062255,4794357795,6197766119,6605139933,7335027592,7468096567,6678178340,6813092066,7564738836
Latvia,LVA,0,0,0,0,0,0,0,0,0,0,0,0,0,0,0,0,0,0,0,0,0,0,0,0,0,0,0,0,0,0,0,0,0,0,0,5788368511,5970044666,6525676264,7174985107,7533187605,7937758980,8350252966,9546441564,11748433157,14373269156,16922504045,21447021570,30901399261,35596016664,26169854045,23757368290,28223552825,28119996053,30254677297,31335013752,26972863394,27571513793,30264454642
Lebanon,LBN,0,0,0,0,0,0,0,0,0,0,0,0,0,0,0,0,0,0,0,0,0,0,0,0,0,0,0,0,3313540068,2717998688,2838485354,4690415093,5843579161,7941744492,9599127050,11718795528,13690217333,15751867489,17247179006,17391056369,17260364842,17649751244,19152238806,20082918740,21145518600,21489962080,22048664306,24873482492,29227542760,35477299024,38419626605,40075674163,44047334184,46471385850,48524603055,49910270062,51483909755,53576985687
Lesotho,LSO,34579308.41,35699286.01,41859162.82,47039059.22,51938961.22,54878902.42,56698866.02,59260814.78,61444771.1,65966680.67,68738625.23,76482102.91,80915831.92,121181556.2,150846210.4,149560513.9,147654093.8,193307267.7,266559337.6,290142517.8,431561376.5,434188034.2,348746822.6,386699308.9,333158476.2,268626912.5,318862888.4,402774852.7,470389179.7,495404888.1,596415104.5,704329192.8,831033941.1,835592802.3,878250450.6,1001889857,946123275.9,997996028.6,928458206,912771290.6,887295267.9,825706961.2,775780697.7,1157832935,1511236656,1682350935,1800105590,1716262757,1758534998,1773199526,2361613522,2787951879,2678475775,2526009059,2614566294,2510312805,2323419619,2578265358
Liberia,LBR,0,0,0,0,0,0,0,0,0,0,0,0,0,0,0,0,0,0,0,0,0,0,0,0,0,0,0,0,0,0,0,0,0,0,0,0,0,0,0,0,874000000,906000000,927000000,748000000,897000000,949000000,1119000000,1373000000,1726000000,1768000000,1998000000,2398000000,2721000000,3067000000,3144000000,3177000000,3277826000,3285455000
Libya,LBY,0,0,0,0,0,0,0,0,0,0,0,0,0,0,0,0,0,0,0,0,0,0,0,0,0,0,0,0,0,0,28901836158,31995012469,33881392045,30657030223,28607921929,25544128199,27884615385,30698633109,27249786142,35976714101,38270206950,34110064452,20481889764,26265625000,33122307692,47334148578,54961936663,67516236338,87140405361,63028320702,74773444901,34699395524,81873662519,65502870174,41142722414,27842131486,26221660076,38107728083
Lithuania,LTU,0,0,0,0,0,0,0,0,0,0,0,0,0,0,0,0,0,0,0,0,0,0,0,0,0,0,0,0,0,0,0,0,0,0,0,7870782261,8385109020,10120274493,11240360898,10972878636,11539211480,12252498921,14278357284,18802576988,22649930576,26125575942,30216060233,39738180077,47850551149,37440673478,37120517694,43476873413,42848195256,46417340375,48516371721,41508609233,42773029835,47168303744
Luxembourg,LUX,703925705.9,704145671.4,741509480.8,791140595.8,903158753.9,921600736.3,968440149.5,974721762.5,1066447131,1234878981,1509155063,1572310772,1968733022,2701874664,3295861019,3233431611,3544268025,3922895892,4884869092,5711457760,6232005656,5231808670,4764549532,4683697830,4594891581,4738559685,6921264132,8614215559,9750161053,10391504709,13229247948,14321878795,16065740778,16486900187,18325791415,21588170498,21776609772,19731912494,20209122027,22235929043,21263514833,21272418792,23616328816,29557325056,34685281848,37347394603,42414308117,50888134410,55849686539,51370543206,53212476812,60004630234,56677961787,61739352212,66327344189,57784495265,58631324559,62404461275
Macedonia,MKD,0,0,0,0,0,0,0,0,0,0,0,0,0,0,0,0,0,0,0,0,0,0,0,0,0,0,0,0,0,0,4699646643,4938775510,2436849342,2682456897,3556581986,4680078740,4651453634,3928975904,3756208791,3863743409,3772851420,3709637830,4018365247,4946292775,5682719260,6258600714,6861222332,8336478142,9909548411,9401731496,9407168702,10494632699,9745251126,10817712139,11362272838,10064515432,10672471861,11279509014
Madagascar,MDG,673081724.1,699161943.9,739286906.9,759345863,802482182.9,833563472.2,900264583.7,956436931.1,1031669636,1056391055,1111859570,1199507630,1341590682,1653062347,1917508190,2283049233,2181844194,2358930406,2669755116,3463565881,4042139901,3594868208,3526198070,3511573992,2939485472,2857889712,3258288891,2565634382,2442507588,2498059015,3081479800,2653141959,3024459564,3370842211,2977040722,3159901232,3995028593,3545776697,3738704468,3717515283,3877673539,4529575348,4397254608,5474030080,4363934494,5039293031,5515884349,7342923489,9413002921,8550363975,8729936136,9892702358,9919780071,10601690872,10673516673,9744243531,10001193315,11499803807
Malawi,MWI,162956740.9,174576508.5,183116337.7,190816183.7,194736105.3,229455410.9,260394792.1,269814968.2,245169806.8,265810632.4,290531621.3,365386929.8,406062874.3,444281703.9,548621017.6,613220652.9,670317634.2,806290840.6,949034016.8,1058269066,1237655461,1237685692,1180104216,1223186840,1208008985,1131347798,1183654828,1183094128,1379924257,1590215583,1880771556,2203545857,1799517082,2070636936,1181802596,1397457932,2281034131,2663234934,1750584265,1775921718,1743506531,1716502862,3495748398,3208837077,3476094499,3655909664,3998020177,4432937046,5321012192,6191127665,6959655571,8004000737,6028487929,5518880769,6047813437,6373212641,5433040160,6303292264
Malaysia,MYS,1916241997,1901868548,2001502679,2510126748,2674441396,2956356984,3143538482,3188945512,3330393310,3664575983,3864170913,4244340334,5043268549,7662996767,9496074114,9298800799,11050125905,13139397879,16358376511,21213672089,24488033442,25004557094,26804401816,30346788438,33943505718,31200161095,27734562640,32181695507,35271880250,38848567631,44024178343,49142784405,59167157498,66894448545,74477975918,88704944179,1.01E+11,1.00E+11,72167753771,79148947368,93789736842,92783947368,1.01E+11,1.10E+11,1.25E+11,1.44E+11,1.63E+11,1.94E+11,2.31E+11,2.02E+11,2.55E+11,2.98E+11,3.14E+11,3.23E+11,3.38E+11,2.97E+11,2.97E+11,3.15E+11
Mali,MLI,0,0,0,0,0,0,0,275494520.1,343771964.7,339913833.1,359772363.3,430096738.4,486617332.4,563683660.3,538747268.3,830710615.2,939227993.7,1049838493,1222702356,1595423286,1759690812,1538972158,1333754034,1297765449,1232932008,1392195933,1852163475,2090629723,2169040742,2181821902,2681912030,2724131545,2830673389,2818280876,2081846483,2706425298,2780422212,2697105694,2920358587,3439463140,2954129566,3465305993,3889758024,4703504467,5444474268,6245031690,6899799786,8145694632,9750822511,10181021770,10678749467,12978107561,12442747897,13246412031,14345828992,13099495530,14010787738,15334336144
Malta,MLT,0,0,0,0,0,0,0,0,0,0,250721821.6,264579879.8,295118249.3,345602025.4,376094108.5,474620439.6,527936988.8,625573345.5,793675169.9,1001300838,1250242108,1243469361,1234518125,1165771369,1101828569,1117835286,1435079200,1751247763,2019474244,2118574772,2547163582,2750041434,3021910217,2709178327,2998570147,3439931907,3570271558,3705372039,3923637971,4127313818,4306192436,4331870648,4689832690,5456583589,6062780269,6394851387,6757119558,7880509171,8977149553,8528202278,8741059603,9505636642,9205742002,10146688739,11216758082,10554669618,11274020601,12518134319
Mauritania,MRT,92609222.69,107726181.2,111148585.6,113797356.8,151897168.1,172767213.3,180340653.8,191221777.8,210695183.8,199643444.6,209348253.6,227051055,265009395.1,333731874.4,414772351.9,475916514.7,524407931.9,540635389.6,544424605.1,644070364.9,709041452.2,747994681.9,750214410.7,788371855.9,726937320.8,683193885,802890746.9,909820553.4,957377507.5,981529400.5,1019600771,1443688870,1464392416,1249944999,1315932645,1415296704,1442598431,1401946853,1375115534,1405662879,1293654175,1295539448,1324426607,1563074860,1833444740,2184445123,3040716679,3356757064,4031048268,3662282133,4337791007,5166341003,5231255478,5724227185,5391475277,4844223107,4739298730,5024708656
Mauritius,MUS,0,0,0,0,0,0,0,0,0,0,0,0,0,0,0,0,706991274.4,827094668,1019630847,1216229419,1136543003,1147192917,1082939379,1094857358,1044928625,1080642033,1469046115,1888754655,2143484488,2191096860,2653480001,2856890681,3224267548,3263368410,3558137040,4040345933,4421943910,4187367602,4169664285,4291172816,4582555125,4536538211,4767303154,5609831328,6385695187,6283803256,7028803366,8150138757,9990370016,9128843109,10003670690,11518393367,11668685524,12129642296,12803445934,11692287066,12232463656,13266427697
Mexico,MEX,13040000000,14160000000,15200000000,16960000000,20080000000,21840000000,24320000000,26560000000,29360000000,32480000000,35520000000,39200000000,45200000000,55280000000,72000000000,88000000000,89025974026,81814159292,1.03E+11,1.35E+11,2.05E+11,2.64E+11,1.85E+11,1.56E+11,1.84E+11,1.95E+11,1.35E+11,1.48E+11,1.82E+11,2.21E+11,2.61E+11,3.13E+11,3.63E+11,5.01E+11,5.28E+11,3.60E+11,4.11E+11,5.00E+11,5.27E+11,6.00E+11,7.08E+11,7.57E+11,7.72E+11,7.29E+11,7.82E+11,8.77E+11,9.75E+11,1.05E+12,1.11E+12,9.00E+11,1.06E+12,1.18E+12,1.20E+12,1.27E+12,1.31E+12,1.17E+12,1.08E+12,1.15E+12
Moldova,MDA,0,0,0,0,0,0,0,0,0,0,0,0,0,0,0,0,0,0,0,0,0,0,0,0,0,0,0,0,0,0,0,0,0,0,0,1752979926,1695122174,1930081169,1698717505,1170782957,1288429392,1480673594,1661818168,1980901554,2598231467,2988338439,3408272498,4401154128,6054806101,5439422031,5811604052,7015206498,7284686576,7985387152,7983241044,6512885830,6795731286,8128493432
Mongolia,MNG,0,0,0,0,0,0,0,0,0,0,0,0,0,0,0,0,0,0,0,0,0,2310099100,2552401933,2725736633,2098734600,2186505475,2896178867,3020611600,3204461567,3576966800,2560785660,2379018326,1317611864,768401634.2,925817092.2,1452165005,1345719472,1180934203,1124440249,1057408589,1136896124,1267997934,1396555720,1595297356,1992066808,2523471532,3414055566,4234999823,5623216449,4583850368,7189481824,10409797649,12292770631,12582122604,12226514722,11749620620,11186734674,11433635876
Montenegro,MNE,0,0,0,0,0,0,0,0,0,0,0,0,0,0,0,0,0,0,0,0,0,0,0,0,0,0,0,0,0,0,0,0,0,0,0,0,0,0,0,0,984297589.4,1159869246,1284685051,1707710053,2073234418,2257174481,2721904403,3680710375,4545674528,4159330370,4139192053,4538198499,4087724528,4464261816,4587926231,4052913386,4374130531,4844592067
Morocco,MAR,2037150716,2025689537,2379606422,2657247327,2798339769,2948325264,2876395613,3046339295,3271415868,3651615453,3956328426,4356633663,5074117545,6242177798,7675408486,8984824183,9584323309,11049896742,13236854105,15912133569,21728770055,17788171722,17692341358,16251460689,14824728528,14991283216,19462175322,21765261042,25705296184,26314220188,30180108562,32285388165,33711069431,31655473664,35604137423,39030285468,43161452678,39147844526,41806219379,41632027600,38857251336,39459581217,42236836821,52064058834,59626020162,62343022651,68640825481,79041294874,92507257784,92897320376,93216746662,1.01E+11,98266306615,1.07E+11,1.10E+11,1.01E+11,1.03E+11,1.10E+11
Mozambique,MOZ,0,0,0,0,0,0,0,0,0,0,0,0,0,0,0,0,0,0,0,0,3526287037,3537099150,3612171958,3236430348,3376172170,4456240741,5247193069,2354117303,2093571674,2314159887,2512079324,3263761938,2291175765,2394823062,2460670288,2521738760,3523842275,4227273069,4873242526,5302532113,5016469069,4766928747,5031510909,5597367853,6831808930,7723846195,8312078525,9366742309,11494837053,10911698204,10154238250,13131168012,14534278440,16018848994,16961117243,14798413628,10981358031,12645508634
Myanmar,MMR,0,0,0,0,0,0,0,0,0,0,0,0,0,0,0,0,0,0,0,0,0,0,0,0,0,0,0,0,0,0,0,0,0,0,0,0,0,0,0,0,8905066164,6477790688,6777632512,10467109978,10567354056,11986972419,14502553710,20182477481,31862554102,36906181381,49540813342,59977326086,59937797559,60269734045,65446199788,59687410897,63256184700,67068745521
Namibia,NAM,0,0,0,0,0,0,0,0,0,0,0,0,0,0,0,0,0,0,0,0,2422096075,2246757386,2116069374,2293990996,1947967886,1605911706,1806223061,2296378835,2491412336,2531519951,2785764518,2992650472,3424733535,3218475904,3636646003,3942478195,3945340781,4102648721,3826527638,3818954449,3833993707,3476452443,3275669892,4811994026,6480441755,7121391945,7835043624,8740865600,8486721917,8876191121,11282192605,12409629836,13016272899,12717790505,12786078008,11650656642,11281259987,13253698015
Nepal,NPL,508334414,531959561.6,574091101.2,496947904.4,496098775.3,735267082.3,906811943.8,841974025.5,772228643.4,788641965.4,865975308.6,882765471.6,1024098805,972101725,1217953547,1575789254,1452792989,1382400000,1604162497,1851250008,1945916583,2275583317,2395429852,2447174803,2581207388,2619913956,2850784523,2957255380,3487009748,3525228153,3627562403,3921476085,3401211581,3660041667,4066775510,4401104418,4521580381,4918691917,4856255044,5033642384,5494252208,6007055043,6050875807,6330473097,7273938315,8130258041,9043715356,10325618017,12545438605,12854985464,16002656434,18913574371,18851513891,19271168018,20002968838,21410840909,21185922408,24880266905
Netherlands,NLD,12276734172,13493833740,14647057370,15891241386,18699380731,21000586933,22867203317,25087562181,27817605743,31503868835,37677621538,44010160464,54008338918,70924006306,86129928027,98970041042,1.08E+11,1.25E+11,1.54E+11,1.77E+11,1.93E+11,1.62E+11,1.56E+11,1.51E+11,1.42E+11,1.42E+11,1.98E+11,2.42E+11,2.59E+11,2.55E+11,3.14E+11,3.23E+11,3.58E+11,3.49E+11,3.74E+11,4.47E+11,4.46E+11,4.12E+11,4.32E+11,4.42E+11,4.13E+11,4.27E+11,4.65E+11,5.72E+11,6.51E+11,6.79E+11,7.27E+11,8.39E+11,9.36E+11,8.58E+11,8.36E+11,8.94E+11,8.29E+11,8.67E+11,8.80E+11,7.58E+11,7.77E+11,8.26E+11
New Zealand,NZL,5485854792,5670064168,6077496268,6638937283,7274144351,5654463586,5863733231,5961418094,5180597621,5761588762,6623527495,8066935949,9820126398,13024906080,14069222284,12995256381,13612626656,15470524341,18614130435,20580987679,23149971048,24167846141,24345229425,24482781283,21903971793,24950895141,30604668357,40338594862,45493075684,44170562822,45519034244,42756020707,41636005955,46712018141,55154160816,63918039320,70140835299,66074513018,56227696195,58762260626,52622842840,53872425917,66627729311,88250885550,1.04E+11,1.15E+11,1.12E+11,1.37E+11,1.33E+11,1.21E+11,1.47E+11,1.68E+11,1.76E+11,1.91E+11,2.01E+11,1.78E+11,1.89E+11,2.06E+11
Nicaragua,NIC,223854666.7,240524723.4,265291588.7,292916241.1,341973758.9,566542872.4,606671444,657171436.7,695899980.4,747971449.6,776585681.1,826571413.4,880842890.1,1093571442,1520900045,1590428523,1847871372,2239857061,2142128604,1527852636,2189347368,2448290110,2465165180,2743341724,3105517091,2683816289,2885710609,3851213728,2630904262,1013184746,1009455484,1488804124,1792800000,1756454248,3863185119,4140470000,4308351903,4389965591,4635267225,4855717875,5107329007,5323146566,5224213018,5322454926,5795568205,6321335612,6763671611,7423377429,8496965842,8298695145,8758622329,9774316692,10532001130,10982972256,11880438824,12611087031,13184989878,13814261536
Niger,NER,449526872.6,485785234.9,531736492.9,586294761.5,582816358.3,673383604.2,702296184.4,665586975.1,641214210.7,625867922.7,649916708.2,693573595.3,742779740.4,946385033,1026136974,1048690933,1064517575,1291457973,1774365275,2109278102,2508524186,2170893039,2017611927,1803099732,1461243212,1440581534,1904097020,2233005823,2280356338,2179567108,2480673195,2327986216,2344987614,1606581744,1563207225,1880803362,1987770899,1845599608,2076737357,2018193703,1798374468,1945327565,2170481509,2731416346,3052898739,3405134832,3646728060,4291363391,5379299888,5373097441,5718664505,6409184724,6942258305,7667952566,8229731384,7217667781,7528285444,8119710126
Nigeria,NGA,4196092258,4467200336,4909302954,5165489010,5552822484,5874422512,6366792664,5203135937,5200895982,6634187316,12545849083,9181769912,12274416018,15162871287,24846641318,27778934625,36308883249,36035407725,36527862209,47259911894,64201788123,1.64E+11,1.43E+11,97094911791,73484359521,73745821156,54805852581,52676041931,49648470440,44003061108,54035795388,49118433048,47794925816,27752204320,33833042988,44062465800,51075815092,54457835194,54604050168,59372613486,69448756933,74030364472,95385819321,1.05E+11,1.36E+11,1.76E+11,2.36E+11,2.76E+11,3.37E+11,2.92E+11,3.63E+11,4.10E+11,4.59E+11,5.15E+11,5.68E+11,4.95E+11,4.05E+11,3.76E+11
Norway,NOR,5163271598,5632460937,6066976683,6510239503,7159202706,8058681060,8696460205,9514496703,10159934137,11063065083,12814123115,14583114840,17358610850,22534253703,27145693810,32877805200,35942270686,41508030431,46523091010,53132244624,64439382896,63596654761,62647195538,61627240831,62057955033,65416879914,78693253276,94230055659,1.02E+11,1.03E+11,1.20E+11,1.22E+11,1.31E+11,1.21E+11,1.27E+11,1.52E+11,1.64E+11,1.61E+11,1.54E+11,1.62E+11,1.71E+11,1.74E+11,1.95E+11,2.29E+11,2.64E+11,3.09E+11,3.45E+11,4.01E+11,4.63E+11,3.87E+11,4.29E+11,4.99E+11,5.10E+11,5.24E+11,4.99E+11,3.87E+11,3.71E+11,3.99E+11
Pakistan,PAK,3707055901,4054599181,4233095590,4540529105,5130407728,5884712096,6466610752,7403821903,8090088555,8632927257,10027088849,10602058190,9309109764,6324884129,8773030424,11340000242,13338484980,15126059646,17820100626,19707979303,23689696768,28100605515,30725972787,28691890433,31151824659,31144920554,31899071054,33351528115,38472741737,40171019643,40010424929,45451960732,48635176853,51478304860,51894781282,60636022423,63320122807,62433300338,62191955814,62973855719,73952374970,72309738921,72306820396,83244801093,97977766198,1.10E+11,1.37E+11,1.52E+11,1.70E+11,1.68E+11,1.77E+11,2.14E+11,2.24E+11,2.31E+11,2.44E+11,2.71E+11,2.79E+11,3.05E+11
Panama,PAN,537147100,599026300,652120900,722784500,776137500,852485300,928833000,1034376400,1112791100,1221305700,1351006400,1523917200,1673411700,1913793400,2188307600,2435304100,2588106000,2738261900,3244558600,3704551600,4614086400,5222421500,5769767900,5923755900,6183387100,6541517100,6797834200,6827665300,5902783400,5918469800,6433967000,7074675500,8042337700,8782585400,9365289800,9573813700,9870494000,10677286100,11575486400,12130252200,12304115000,12502013400,12994310400,13693981200,15013381700,16374393900,18141666300,21295984200,25155888600,27116635600,29440287600,34686224300,40429734400,45599994000,49921464365,54091713776,57957594212,62283756584
Paraguay,PRY,0,0,0,0,0,443587301.6,465888888.9,492674603.2,517650793.7,556293650.8,594611111.1,664571428.6,769039682.5,995531746,1333475397,1511420635,1698960317,2092158730,2559857143,3416777778,4448087302,5624515873,5419411765,5673248726,4502462807,3282449236,3723993943,3971044724,4255683528,4757732200,5812114523,6984367763,7157424031,7249533620,7870982005,9062131475,9788391781,9965225678,9260481572,8837070236,8855705140,8495806432,7196260657,7691367471,9624440836,10737500188,13429430050,17856270473,24578067861,22341754514,27215968616,33715524704,33283228891,38585317743,40276532541,36164068797,36054281572,39667400816
Peru,PER,2571908062,2899654840,3286773188,3600957771,4356913870,5166861068,6113607728,6204253759,5736083835,6420909790,7432223177,8289582884,9189413409,10994381895,13858441211,16877163792,15947709380,14620386674,12495779622,15962459447,18134029180,21649137620,21793496819,17345624454,17599660054,16548827018,15244232958,20702298397,15439408447,22499559086,26410386669,34672122381,36139225288,35158109999,44882079767,53312793687,55252414130,58147522523,55501467877,50187324568,51744749133,52030158775,54777553515,58731030122,66768703498,76060606061,88643193062,1.02E+11,1.21E+11,1.21E+11,1.48E+11,1.72E+11,1.93E+11,2.01E+11,2.01E+11,1.90E+11,1.92E+11,2.11E+11
Philippines,PHL,6684568805,7256966966,4399827768,4875309866,5271404668,5784398977,6371459304,6809134236,7591603053,8408229699,6687204834,7408305736,8017468688,10082885603,13781139970,14893969288,17097563270,19648106122,22706155475,27502168727,32450541843,35646416953,37140163934,33212180658,31408492877,30734335449,29868339081,33195933430,37885440419,42575183906,44311593756,45417561302,52976344929,54368083953,64084460124,74119987245,82848140618,82344260571,72207028768,82995145793,81026300310,76262072467,81357605642,83908206648,91371242495,1.03E+11,1.22E+11,1.49E+11,1.74E+11,1.68E+11,2.00E+11,2.24E+11,2.50E+11,2.72E+11,2.85E+11,2.93E+11,3.05E+11,3.14E+11
Poland,POL,0,0,0,0,0,0,0,0,0,0,0,0,0,0,0,0,0,0,0,0,0,0,0,0,0,0,0,0,0,0,65977749037,85500935935,94337050693,96045645026,1.11E+11,1.42E+11,1.60E+11,1.59E+11,1.74E+11,1.70E+11,1.72E+11,1.91E+11,1.99E+11,2.18E+11,2.55E+11,3.06E+11,3.45E+11,4.29E+11,5.34E+11,4.40E+11,4.79E+11,5.29E+11,5.00E+11,5.24E+11,5.45E+11,4.77E+11,4.72E+11,5.26E+11
Portugal,PRT,3193200404,3417516639,3668222358,3905734460,4235608178,4687464055,5135387846,5740241166,6354262628,6969025826,8109032775,9202512367,11240223128,15092052330,17514112076,19349512941,20334835544,21441635411,23489924726,26625439344,32899759311,31980423453,30530759334,27242331886,25220451794,27118476174,38749715722,48187667853,56352797354,60600056659,78721607509,89242382961,1.08E+11,95019103603,99698453261,1.18E+11,1.23E+11,1.17E+11,1.24E+11,1.27E+11,1.18E+11,1.22E+11,1.34E+11,1.65E+11,1.89E+11,1.97E+11,2.09E+11,2.40E+11,2.62E+11,2.44E+11,2.38E+11,2.45E+11,2.16E+11,2.26E+11,2.30E+11,1.99E+11,2.05E+11,2.18E+11
Qatar,QAT,0,0,0,0,0,0,0,0,0,0,301791301.8,387700084.2,510259940.7,793884368,2401403227,2512784033,3284301332,3617580172,4052000413,5633000318,7829094613,8661263764,7596703214,6467582308,6704395824,6153296456,5053021951,5446428681,6038187033,6487912088,7360439423,6883516484,7646153984,7156593654,7374450769,8137911978,9059340385,11297802115,10255495027,12393131868,17759890110,17538461538,19363736264,23533791209,31734065934,44530494505,60882142857,79712087912,1.15E+11,97798351648,1.25E+11,1.68E+11,1.87E+11,1.99E+11,2.06E+11,1.62E+11,1.52E+11,1.67E+11
Romania,ROU,0,0,0,0,0,0,0,0,0,0,0,0,0,0,0,0,0,0,0,0,0,0,0,0,0,0,0,38413636364,40809523810,42105263158,38995454545,28998684211,25121666667,26362894737,30074440483,37662075750,37182938696,35838588170,41976002704,36183003978,37438527800,40716836998,46174557556,59867801205,76216441462,99697566668,1.24E+11,1.76E+11,2.14E+11,1.73E+11,1.66E+11,1.83E+11,1.71E+11,1.91E+11,2.00E+11,1.78E+11,1.88E+11,2.12E+11
Russia,RUS,0,0,0,0,0,0,0,0,0,0,0,0,0,0,0,0,0,0,0,0,0,0,0,0,0,0,0,0,0,5.07E+11,5.17E+11,5.18E+11,4.60E+11,4.35E+11,3.95E+11,3.96E+11,3.92E+11,4.05E+11,2.71E+11,1.96E+11,2.60E+11,3.07E+11,3.45E+11,4.30E+11,5.91E+11,7.64E+11,9.90E+11,1.30E+12,1.66E+12,1.22E+12,1.52E+12,2.05E+12,2.21E+12,2.30E+12,2.06E+12,1.37E+12,1.28E+12,1.58E+12
Rwanda,RWA,119000024,122000016,125000008,128000000,129999994,148799980,124525702.9,159560018,172200018,188700037,219900006,222952578.2,246457838.3,290746157.1,308458423.2,571863295.7,637754162.1,746650558.6,905709147.3,1109346221,1254765350,1407062608,1407242640,1479688126,1587412957,1715625839,1944711061,2157434025,2395493878,2405021933,2550185618,1911600970,2029026704,1971525999,753636370.5,1293535011,1382334879,1851558302,1989343495,1817654508,1734938652,1674685248,1677552332,1846198771,2088961969,2581313486,3152324689,3824788145,4860093843,5378925895,5773084568,6563320570,7334917697,7621923308,8016591928,8277613194,8475681533,9135454442
Saudi Arabia,SAU,0,0,0,0,0,0,0,0,4187777711,4485777644,5377333333,7184853348,9664157499,14947391140,45412957746,46773368206,64005665722,74188249979,80265619485,1.12E+11,1.65E+11,1.84E+11,1.53E+11,1.29E+11,1.20E+11,1.04E+11,86961922765,85695861148,88256074766,95344459279,1.18E+11,1.32E+11,1.37E+11,1.33E+11,1.35E+11,1.43E+11,1.59E+11,1.66E+11,1.47E+11,1.62E+11,1.90E+11,1.84E+11,1.90E+11,2.16E+11,2.59E+11,3.28E+11,3.77E+11,4.16E+11,5.20E+11,4.29E+11,5.28E+11,6.71E+11,7.36E+11,7.47E+11,7.56E+11,6.54E+11,6.45E+11,6.87E+11
Senegal,SEN,1003692375,1058975266,1085475573,1122139637,1188930568,1210058396,1246908374,1246480959,1309384830,1245234807,1297407829,1339548824,1620857277,1863398448,2099324950,2830388405,2869777812,2938046307,3280354339,4084878668,4435050397,4021697233,3936758682,3512053232,3425127373,3750056424,5304238013,6381385760,6311054901,6219793533,7237100724,7111252866,7602005274,7189226453,4908415369,6176312552,6413189839,5915250258,6368265194,6512207622,5924239701,6174898370,6752510283,8683229268,10167441854,11022821632,11847848225,14285970085,16949789465,16248212852,16215069256,17878780185,17825417949,18960182371,19770919167,17767620059,18973894459,21070225735
Serbia,SRB,0,0,0,0,0,0,0,0,0,0,0,0,0,0,0,0,0,0,0,0,0,0,0,0,0,0,0,0,0,0,0,0,0,0,0,16750000000,20948677840,24147996550,18284194680,18409364147,6540247190,12267175481,16116843146,21188704081,24861483281,26252007830,30607991862,40289556656,49259526053,42616653300,39460357731,46466728667,40742313861,45519650911,44210806366,37160332465,38299854688,41431648801
Sierra Leone,SLE,322009471.6,327834680.6,342721579.8,348546952.1,371848114.7,359379856.2,375479849.8,348795303,329860091.9,408690163.5,434410373.8,419549425.1,465381090,575230234.4,648590642.9,679335901.1,594895672.3,691777758.4,960728338.9,1109374722,1100685845,1114830472,1295361886,995104305.3,1087471862,856890498.6,490181456.6,701307602.3,1055083945,932974411.9,649644826.8,779981458.9,679997997.6,768812334.8,911915970.7,870758739.4,941742152.7,850218033.6,672375927.3,669384768.9,635874002.2,1090467712,1253340520,1385810072,1448536631,1650494367,1885112202,2158496873,2505458705,2453899847,2578026297,2942546781,3801862611,4920343195,5015157816,4218723875,3556036535,3775047334
Singapore,SGP,704462302.4,764308114.5,825885273.7,917222004.4,893734483.2,974193126.9,1095910101,1237423233,1425029400,1659055272,1919508689,2262544100,2719900351,3693760000,5216773826,5633386680,6326445410,6617532783,7515823563,9294635004,11893405684,14171819540,16078856440,17775280374,19735920492,19138296376,18569292305,20897630201,25337226971,30423573842,36152027893,45474442836,52156414979,60644572348,73777792327,87890009877,96403758865,1.00E+11,85707636233,86283126844,95833932715,89286208629,91941192896,97001377569,1.14E+11,1.27E+11,1.48E+11,1.80E+11,1.92E+11,1.92E+11,2.36E+11,2.76E+11,2.91E+11,3.04E+11,3.12E+11,3.04E+11,3.10E+11,3.24E+11
Slovakia,SVK,0,0,0,0,0,0,0,0,0,0,0,0,0,0,0,0,0,0,0,0,0,0,0,0,0,0,0,0,0,0,12694544693,14213045494,15431288006,16452201101,20079363626,25733043137,27821913815,27660149541,29828899206,30415095887,29114875622,30703017450,35083608131,46731767494,57240535138,62697540107,70596729394,86304245825,1.00E+11,88945625174,89501012916,98181259740,93413992956,98478349315,1.01E+11,87501423882,89768598023,95769031980
Slovenia,SVN,0,0,0,0,0,0,0,0,0,0,0,0,0,0,0,0,0,0,0,0,0,0,0,0,0,0,0,0,0,0,0,0,0,0,0,21273055398,21480023017,20749140606,22125435372,22689994990,20342201356,20875387068,23563576758,29697448108,34470227454,36346974008,39587732029,48114688201,55589849128,50244793832,48013606745,51290792018,46352802766,48116256926,49904928335,43072415017,44708598649,48769655479
Somalia,SOM,0,0,0,0,0,0,0,0,0,0,0,0,0,0,0,0,0,0,0,0,0,0,0,0,0,0,0,0,0,0,0,0,0,0,0,0,0,0,0,0,0,0,0,0,0,0,0,0,0,0,0,0,0,6481000000,6562001351,6659000748,6761998534,7052000000
South Africa,ZAF,7575248495,7972840543,8497830043,9423211536,10373792524,11334173317,12354752905,13777124458,14894302114,16780064399,18418031639,20334172260,21358137115,29293948127,36806475350,38114942529,36601885925,40649724011,46737580497,57647268409,82984078069,89629496833,82696902010,88786580363,87880468269,69208451593,82107924006,1.07E+11,1.18E+11,1.29E+11,1.16E+11,1.24E+11,1.35E+11,1.34E+11,1.40E+11,1.55E+11,1.48E+11,1.53E+11,1.38E+11,1.37E+11,1.36E+11,1.22E+11,1.16E+11,1.75E+11,2.29E+11,2.58E+11,2.72E+11,2.99E+11,2.87E+11,2.96E+11,3.75E+11,4.16E+11,3.96E+11,3.67E+11,3.51E+11,3.18E+11,2.96E+11,3.49E+11
South Sudan,SSD,0,0,0,0,0,0,0,0,0,0,0,0,0,0,0,0,0,0,0,0,0,0,0,0,0,0,0,0,0,0,0,0,0,0,0,0,0,0,0,0,0,0,0,0,0,0,0,0,0,0,0,17273335564,11266779661,14940338983,15099661017,10906867790,2904114903,0
Spain,ESP,12072126075,13834300571,16138545209,19074913948,21343844644,24756958695,28721062242,31647119228,31475548481,36038711600,40881655099,46492797365,58971806627,78425934894,97009800115,1.14E+11,1.18E+11,1.32E+11,1.60E+11,2.14E+11,2.32E+11,2.02E+11,1.95E+11,1.70E+11,1.72E+11,1.80E+11,2.51E+11,3.18E+11,3.75E+11,4.14E+11,5.35E+11,5.76E+11,6.29E+11,5.24E+11,5.29E+11,6.13E+11,6.41E+11,5.89E+11,6.17E+11,6.33E+11,5.95E+11,6.26E+11,7.05E+11,9.07E+11,1.07E+12,1.16E+12,1.26E+12,1.48E+12,1.64E+12,1.50E+12,1.43E+12,1.49E+12,1.34E+12,1.36E+12,1.38E+12,1.20E+12,1.24E+12,1.31E+12
Sri Lanka,LKA,1409873950,1444327731,1434156379,1240672269,1309747899,1698319328,1751470588,1859465021,1801344538,1965546218,2296470588,2369308600,2553936348,2875625000,3574586466,3791298146,3591319857,4104509583,2733183857,3364611432,4024621900,4415844156,4768765017,5167913302,6043474843,5978460972,6405210564,6682167120,6978371581,6987267684,8032551173,9000362582,9703011636,10338679636,11717604209,13029697561,13897738375,15091913884,15794972847,15656327860,16330814180,15749753805,16536535647,18881765437,20662525941,24405791045,28279814925,32350248411,40713812310,42066217872,56725749222,65292753006,68434409315,74317806538,79356449841,80604080689,81787420023,87357205923
Sweden,SWE,14842870293,16147160123,17511477311,18954132366,21137242561,23260320646,25302033132,27463409202,29143383491,31649203886,37555366021,40980345656,48263914959,58567384059,65082581295,81716751698,88102107647,93136775103,1.03E+11,1.22E+11,1.40E+11,1.28E+11,1.13E+11,1.04E+11,1.08E+11,1.13E+11,1.48E+11,1.80E+11,2.04E+11,2.15E+11,2.58E+11,2.70E+11,2.80E+11,2.10E+11,2.26E+11,2.64E+11,2.88E+11,2.64E+11,2.67E+11,2.71E+11,2.60E+11,2.40E+11,2.64E+11,3.31E+11,3.82E+11,3.89E+11,4.20E+11,4.88E+11,5.14E+11,4.30E+11,4.88E+11,5.63E+11,5.44E+11,5.79E+11,5.74E+11,4.98E+11,5.14E+11,5.38E+11
Switzerland,CHE,9522746719,10712712465,11879982759,13063643796,14480556572,15346741670,16480058705,17740013179,18942729779,20524886616,0,0,0,0,0,0,0,0,0,0,1.19E+11,1.09E+11,1.12E+11,1.11E+11,1.06E+11,1.08E+11,1.54E+11,1.93E+11,2.09E+11,2.02E+11,2.58E+11,2.61E+11,2.72E+11,2.64E+11,2.93E+11,3.43E+11,3.30E+11,2.87E+11,2.95E+11,2.90E+11,2.72E+11,2.79E+11,3.01E+11,3.53E+11,3.94E+11,4.09E+11,4.31E+11,4.80E+11,5.54E+11,5.42E+11,5.84E+11,7.00E+11,6.68E+11,6.89E+11,7.09E+11,6.79E+11,6.69E+11,6.79E+11
Syria,SYR,857704431.7,945244992.2,1110565864,1200447429,1339494290,1472036551,1342287557,1580229795,1753746370,2245011572,2140383696,2589851693,3059682162,3239488105,5159557176,6826980767,7633528921,7696011360,9275203106,9929682184,13062421025,15518199247,16298905397,17589184557,17503082982,16403544511,13293209270,11356215713,10577042355,9853396226,12308624284,12981833333,13253565899,13695962019,10122020000,11396706587,13789560878,14505233969,15200846138,15873875969,19325894913,21099833784,21582248882,21828144686,25086930693,28858965517,33332844575,40405006007,0,0,0,0,0,0,0,0,0,0
Tajikistan,TJK,0,0,0,0,0,0,0,0,0,0,0,0,0,0,0,0,0,0,0,0,0,0,0,0,0,0,0,0,0,0,2629395066,2534720480,1909246641,1630251392,1522018436,1231567145,1043993232,921927796.5,1320113314,1086605267,860521119.3,1080726752,1221156977,1555366826,2076148796,2312327536,2830251031,3719506173,5161308188,4979481980,5642178580,6522732203,7633049792,8506045086,9236309138,7854602392,6952678127,7146449583
Tanzania,TZA,0,0,0,0,0,0,0,0,0,0,0,0,0,0,0,0,0,0,0,0,0,0,0,0,0,0,0,0,5100405772,4420168102,4258743263,4956588279,4601413264,4257702197,4510846968,5255221425,6496195451,7683852497,9345174219,9697847264,10185786383,10383560603,10805599893,11659129889,12825801581,16929976600,18610460327,21501741757,27368386358,28573777052,31409598704,33877905104,39087797980,44413614439,48219739331,45628320355,47388394818,52090321003
Thailand,THA,2760747472,3034043574,3308912797,3540403457,3889129942,4388937649,5279230817,5638461442,6081009428,6695336567,7086538438,7375000024,8177884553,10838587358,13703000530,14882747955,16985211146,19779315170,24006570178,27371699083,32353440727,34846107862,36589797857,40042826244,41797592963,38900692712,43096746122,50535438696,61667199835,72250877410,85343063966,98234695722,1.11E+11,1.29E+11,1.47E+11,1.69E+11,1.83E+11,1.50E+11,1.14E+11,1.27E+11,1.26E+11,1.20E+11,1.34E+11,1.52E+11,1.73E+11,1.89E+11,2.22E+11,2.63E+11,2.91E+11,2.82E+11,3.41E+11,3.71E+11,3.98E+11,4.20E+11,4.07E+11,4.01E+11,4.12E+11,4.55E+11
Togo,TGO,121128073.1,126396469.7,132237441.6,143255784.5,166104067.6,187300336.4,216136263.9,231706475.5,241956910.7,267732446.4,253976626.2,286537525,335677636.9,406479906.2,560437742.6,617321669.4,619375134.2,777435020.5,824263841.5,891775906.6,1136408814,962347001,821651918.7,765746590.6,718148959.6,762359722.7,1060911735,1249099130,1378847487,1352949663,1628427515,1602299863,1692959110,1233496846,982624324.5,1309382885,1465448290,1498950899,1587345951,1576094566,1488185772,1481141850,1698678686,2111093198,2255942249,2280575830,2349495621,2659095101,3310277927,3365711796,3426022206,3867391618,3873529926,4320427496,4568900620,4179185205,4457732625,4757776485
Trinidad and Tobago,TTO,535670127.7,584961208.7,619319197.3,678235373,711893367.6,736568861.9,723735635.5,761981474,758899950,779200000,821850000,896754316.7,1083381044,1308799459,2042031901,2442667573,2500410584,3138666667,3562333458,4602416625,6235833333,6992083333,8140416667,7763750000,7757083333,7375918367,4794444444,4797777778,4496852073,4323058824,5068000000,5307905882,5439552941,4669488516,4947205860,5329214163,5759537726,5737751332,6043694330,6808982521,8154338233,8824873259,9008273721,11305459802,13280275123,15982282462,18369361094,21641620050,27871587350,19172165226,22157253321,25366520907,25601811994,26578524198,27200280855,24401734195,22295585700,22079017627
Tunisia,TUN,0,0,0,0,0,991047619,1040952381,1085714286,1214666667,1289904762,1439238095,1685217059,2237476420,2730787476,3545933562,4328610490,4507929104,5109324009,5968044210,7188191882,8744134354,8428513568,8133401050,8350176783,8254891864,8410185740,9018136020,9696271268,10096292842,10102075213,12290568182,13074782609,15497286296,14608946896,15632463424,18030876599,19587322786,20746360430,21803372267,22943685719,21473188882,22066101341,23142294436,27453084983,31183139301,32273007554,34378437265,38908069299,44856586316,43454935940,44050929160,45810626509,45044112939,46251061734,47632326088,43152528548,41808379888,39952095561
Turkey,TUR,13995067818,8022222222,8922222222,10355555556,11177777778,11944444444,14122222222,15666666667,17500000000,19466666667,17086956522,16256619964,20431095406,25724381625,35599913836,44633707243,51280134554,58676813687,65147022486,89394085658,68789289566,71040020140,64546332581,61678280115,59989909458,67234948265,75728009963,87172789528,90852814005,1.07E+11,1.51E+11,1.50E+11,1.58E+11,1.80E+11,1.31E+11,1.69E+11,1.81E+11,1.90E+11,2.76E+11,2.56E+11,2.73E+11,2.00E+11,2.38E+11,3.12E+11,4.05E+11,5.01E+11,5.52E+11,6.76E+11,7.64E+11,6.45E+11,7.72E+11,8.33E+11,8.74E+11,9.51E+11,9.34E+11,8.60E+11,8.64E+11,8.52E+11
Turkmenistan,TKM,0,0,0,0,0,0,0,0,0,0,0,0,0,0,0,0,0,0,0,0,0,0,0,0,0,0,0,2331358820,3010982414,3006988217,3189539641,3208098919,3200539816,3172880188,2496503231,2474614242,2378759975,2450349634,2605688065,2450564468,2904662605,3534803922,4461978499,5977560877,6838351088,8103901996,10276674365,12664165103,19271523179,20214385965,22583157895,29233333333,35164210526,39197543860,43524210526,35799714286,36180000000,37926285714
Uganda,UGA,423008385.7,441524109,449012578.6,516147798.7,589056603.8,884873949.6,925770308.1,967647058.8,1037815126,1169047619,1260084034,1417787115,1491596639,1702521008,2100142653,2359555556,2447300000,2936470588,2420260870,2139025000,1244610000,1337300000,2177500000,2240333333,3615647477,3519666339,3923232122,6269511615,6508931652,5276480986,4304398866,3321729057,2857457860,3220439044,3990430447,5755818947,6044585327,6269333313,6584815847,5998563258,6193246837,5840503869,6178563591,6336696289,7940362799,9013834373,9942597780,12292813603,14239026630,18168902154,20186496527,20176025257,23114293416,24599550624,27291879819,27102650387,24133664285,25995031850
Ukraine,UKR,0,0,0,0,0,0,0,0,0,0,0,0,0,0,0,0,0,0,0,0,0,0,0,0,0,0,0,64087694038,74703517903,82709161099,81456918679,77464561150,73942235330,65648559903,52549555149,48213868178,44558077827,50150399792,41883241472,31580639045,31261527363,37972301335,42351593887,50084197498,64819702952,86057915585,1.08E+11,1.43E+11,1.80E+11,1.17E+11,1.36E+11,1.63E+11,1.76E+11,1.83E+11,1.34E+11,91030959455,93355993629,1.12E+11
United Arab Emirates,ARE,0,0,0,0,0,0,0,0,0,0,0,0,0,0,0,14720672507,19213022691,24871775165,23775831783,31225463218,43598748449,49333424135,46622718605,42803323345,41807954236,40603650232,33943612095,36384908744,36275674203,41464995914,50701443748,51552165622,54239171888,55625170253,59305093980,65743666576,73571233996,78839008445,75674336283,84445473111,1.04E+11,1.03E+11,1.10E+11,1.24E+11,1.48E+11,1.81E+11,2.22E+11,2.58E+11,3.15E+11,2.54E+11,2.90E+11,3.51E+11,3.75E+11,3.90E+11,4.03E+11,3.58E+11,3.57E+11,3.83E+11
United Kingdom,GBR,72328047042,76694360636,80601939635,85443766670,93387598814,1.01E+11,1.07E+11,1.11E+11,1.05E+11,1.13E+11,1.31E+11,1.48E+11,1.70E+11,1.93E+11,2.06E+11,2.42E+11,2.33E+11,2.63E+11,3.36E+11,4.39E+11,5.65E+11,5.41E+11,5.15E+11,4.90E+11,4.61E+11,4.89E+11,6.01E+11,7.45E+11,9.10E+11,9.27E+11,1.09E+12,1.14E+12,1.18E+12,1.06E+12,1.14E+12,1.34E+12,1.41E+12,1.55E+12,1.64E+12,1.67E+12,1.65E+12,1.62E+12,1.77E+12,2.04E+12,2.40E+12,2.52E+12,2.69E+12,3.07E+12,2.89E+12,2.38E+12,2.44E+12,2.62E+12,2.66E+12,2.74E+12,3.02E+12,2.89E+12,2.65E+12,2.62E+12
United States of America,USA,5.43E+11,5.63E+11,6.05E+11,6.39E+11,6.86E+11,7.44E+11,8.15E+11,8.62E+11,9.43E+11,1.02E+12,1.08E+12,1.17E+12,1.28E+12,1.43E+12,1.55E+12,1.69E+12,1.88E+12,2.09E+12,2.36E+12,2.63E+12,2.86E+12,3.21E+12,3.34E+12,3.64E+12,4.04E+12,4.35E+12,4.59E+12,4.87E+12,5.25E+12,5.66E+12,5.98E+12,6.17E+12,6.54E+12,6.88E+12,7.31E+12,7.66E+12,8.10E+12,8.61E+12,9.09E+12,9.66E+12,1.03E+13,1.06E+13,1.10E+13,1.15E+13,1.23E+13,1.31E+13,1.39E+13,1.45E+13,1.47E+13,1.44E+13,1.50E+13,1.55E+13,1.62E+13,1.67E+13,1.74E+13,1.81E+13,1.86E+13,1.94E+13
Uruguay,URY,1242289239,1547388781,1710004407,1539681491,1975701816,1890769326,1809183975,1597721080,1593675330,2004435484,2137096774,2807258065,2189418001,3964295673,4090209682,3538283322,3667161241,4114667063,4910257283,7181185278,10163020116,11048335541,9178802163,5102281256,4850241442,4732017873,5880112788,7367494080,8213515459,8438951476,9298839655,11205971155,12878199881,15002106518,17474647792,19297663097,20515543039,23969823010,25385928198,23983945191,22823255802,20898788417,13606494599,12045631093,13686329890,17362857684,19579457966,23410572634,30366213119,31660911277,40284481652,47962439304,51264390116,57531233351,57236013086,53274304222,52687612262,56156972158
Uzbekistan,UZB,0,0,0,0,0,0,0,0,0,0,0,0,0,0,0,0,0,0,0,0,0,0,0,0,0,0,0,0,0,0,13360607918,13677622222,12941297376,13099013836,12899156991,13350468917,13948892216,14744603774,14988971211,17078465982,13760513969,11401421329,9687788513,10134453435,12030023548,14307509839,17330833853,22311393928,29549438884,33689223673,39332770929,45915191189,51821573338,57690453461,63067077179,66903804143,67445712840,49677172714
Venezuela,VEN,7779090909,8189090909,8946969697,9753333333,8099318182,8427777778,8781333333,9250000000,10034444444,10285111111,11561111111,12986590909,13977727273,17035581395,26100930233,27464651163,31419534884,36210697674,39316279070,48310930233,59116511628,66327441860,67736744186,67556279070,60010285714,61965466667,60391604938,48029034483,60226413793,43526253602,48598315565,53476971831,60401798246,60065011013,58418666667,77407726244,70543211119,85843534589,91331203433,97976886247,1.17E+11,1.23E+11,92893587734,83620628582,1.12E+11,1.46E+11,1.83E+11,2.30E+11,3.16E+11,3.30E+11,3.93E+11,3.16E+11,3.81E+11,3.71E+11,4.82E+11,0,0,0
Vietnam,VNM,0,0,0,0,0,0,0,0,0,0,0,0,0,0,0,0,0,0,0,0,0,0,0,0,0,14094687821,26336616250,36658108850,25423812649,6293304975,6471740806,9613369520,9866990236,13180953598,16286433533,20736164459,24657470575,26843700442,27209602050,28683659007,31172518403,32685198735,35064105501,39552513316,45427854693,57633255618,66371664817,77414425532,99130304099,1.06E+11,1.16E+11,1.36E+11,1.56E+11,1.71E+11,1.86E+11,1.93E+11,2.05E+11,2.24E+11
Yemen,YEM,0,0,0,0,0,0,0,0,0,0,0,0,0,0,0,0,0,0,0,0,0,0,0,0,0,0,0,0,0,0,5647119229,5930370370,6463649985,5368270615,4167356037,4258788725,5785685311,6838557384,6325141676,7641102523,9652436180,9861560095,10694628092,11777966673,13872791659,16746344766,19061978586,21650532264,26910851362,25130274124,30906749533,32726417878,35401339869,40415233436,43228583935,45593573381,36436652465,31267675216
Zambia,ZMB,713000000,696285714.3,693142857.1,718714285.7,839428571.4,1082857143,1264285714,1368000000,1605857143,1965714286,1825285714,1687000000,1910714286,2268714286,3121833333,2618666667,2746714286,2483000000,2813375000,3325500000,3829500000,3872666667,3994777778,3216307692,2739444444,2281258065,1661948718,2269894737,3713614458,3998637681,3285217391,3378882353,3181921788,3273237853,3656647744,3807067122,3597220962,4303281932,3537683046,3404311977,3600683040,4094480988,4193845678,4901839731,6221077675,8331870169,12756858899,14056957976,17910858638,15328342304,20265556274,23460098340,25503370699,28045460442,27150630607,21154394546,20954754378,25868142073
Zimbabwe,ZWE,1052990400,1096646600,1117601600,1159511700,1217138000,1311435800,1281749500,1397002000,1479599900,1747998800,1884206300,2178716300,2677729400,3309353600,3982161400,4371300700,4318372000,4364382100,4351600500,5177459400,6678868200,8011373800,8539700700,7764067000,6352125900,5637259300,6217523700,6741215100,7814784100,8286322700,8783816700,8641481700,6751472200,6563813300,6890675000,7111270700,8553146600,8529571600,6401968200,6858013100,6689957600,6777384700,6342116400,5727591800,5805598400,5755215200,5443896500,5291950100,4415702800,9665793300,12041655200,14101920300,17114849900,19091020000,19495519600,19963120600,20548678100,22040902300