Country,CountryCode,Y1980,Y1981,Y1982,Y1983,Y1984,Y1985,Y1986,Y1987,Y1988,Y1989,Y1990,Y1991,Y1992,Y1993,Y1994,Y1995,Y1996,Y1997,Y1998,Y1999,Y2000,Y2001,Y2002,Y2003,Y2004,Y2005,Y2006,Y2007,Y2008,Y2009,Y2010,Y2011,Y2012,Y2013,Y2014,Y2015,Y2016,Y2017,Y2018,Y2019,Y2020,Y2021,Y2022,Y2023,Y2024
Afghanistan,AFG,0.00,0.00,0.00,0.00,0.00,0.00,0.00,0.00,0.00,0.00,0.00,0.00,0.00,0.00,0.00,0.00,0.00,0.00,0.00,0.00,0.00,0.00,196.68,196.95,214.23,248.05,270.19,321.44,377.26,430.87,532.07,602.18,661.09,635.64,629.33,594.51,560.60,569.53,543.72,547.51,558.98,584.53,620.00,660.30,706.87
Albania,ALB,728.36,817.73,824.54,815.53,788.33,788.80,855.72,832.25,805.05,860.78,675.74,408.02,259.75,452.62,736.03,903.99,1009.97,717.38,818.32,1032.26,1127.64,1283.57,1425.13,1846.12,2373.58,2673.73,2975.62,3594.10,4377.04,4130.93,4098.13,4438.93,4248.81,4422.67,4575.42,3944.88,4126.56,4539.25,5288.86,5561.68,6006.70,6503.04,7072.43,7641.64,8244.68
Algeria,DZA,2268.61,2305.51,2254.33,2316.68,2432.72,2753.70,2698.92,2705.11,2143.74,2127.87,2473.51,1819.98,1873.42,1894.95,1542.97,1499.14,1643.27,1658.73,1633.09,1630.07,1794.70,1768.58,1806.86,2128.39,2636.31,3141.03,3508.96,3986.56,4943.50,3886.06,4480.72,5453.89,5574.51,5477.06,5466.33,4153.32,3921.29,4016.09,4237.50,4229.78,4362.55,4436.87,4550.38,4643.64,4320.94
Argentina,ARG,8106.24,6467.99,3158.51,3841.89,4241.38,3149.68,3739.41,3790.75,4386.53,2779.87,4709.66,6233.39,7420.32,7558.50,8125.91,8053.12,8385.15,8918.83,9005.38,8452.88,8386.59,7851.66,2898.29,3648.06,4314.40,5163.55,5976.08,7315.73,9146.79,8337.81,10412.95,12787.81,13889.79,14488.83,13208.83,14895.32,12772.87,14588.01,11626.92,10604.15,11313.87,12178.42,12983.08,13782.28,14141.44
Armenia,ARM,0.00,0.00,0.00,0.00,0.00,0.00,0.00,0.00,0.00,0.00,0.00,0.00,31.32,247.88,196.98,399.58,503.77,521.87,608.42,597.24,620.64,692.29,779.12,923.39,1180.40,1628.06,2128.15,3079.03,3913.44,2911.76,3121.78,3417.17,3575.53,3732.04,3889.00,3529.03,3526.34,3857.18,4149.30,4380.86,4635.69,4876.01,5135.87,5413.31,5707.71
Australia,AUS,10986.40,12504.40,12211.32,11569.77,12550.98,10946.55,11223.65,12973.74,16214.86,18167.79,18833.86,18631.37,18082.04,17424.34,19703.66,20868.05,23106.85,22990.44,20346.82,21726.34,20851.87,19431.46,21644.93,27222.02,32750.68,36151.04,37868.93,45105.41,49151.94,45685.24,56453.83,67222.14,68436.22,65170.85,61652.28,51493.96,51982.83,55957.72,56351.58,55421.33,57037.04,58765.15,60812.71,63022.66,65105.61
Austria,AUT,10731.96,9280.73,9267.67,9417.24,8882.63,9090.80,12886.10,16093.02,17632.82,17547.82,21827.45,22621.89,25068.41,24152.67,25725.57,30350.55,29820.61,26737.48,27399.09,27209.31,24631.58,24554.25,26482.84,32290.95,36871.58,38477.27,40672.61,46922.42,51953.56,48095.40,46958.52,51441.11,48615.82,50748.09,51814.37,44266.41,45105.75,47383.87,51509.03,51348.95,53450.66,55358.00,57349.66,59354.36,61515.12
Azerbaijan,AZE,0.00,0.00,0.00,0.00,0.00,0.00,0.00,0.00,0.00,0.00,0.00,0.00,159.97,174.88,297.16,316.23,411.14,508.04,543.34,576.01,656.39,674.78,760.81,879.86,1039.82,1571.29,2458.42,3818.27,5578.56,4963.77,5880.81,7242.81,7545.87,7926.09,7939.17,5300.14,3897.71,4200.33,4569.20,4498.18,4659.09,4768.89,4872.12,5004.89,5160.26
Bahrain,BHR,10189.61,11061.39,11221.70,11117.66,11163.44,10182.37,7695.81,8049.36,9602.79,9668.04,10179.63,10252.37,10536.82,11290.27,11777.07,12143.09,12298.65,12422.12,11565.97,12210.22,14214.58,13894.34,13501.55,14486.06,15963.98,17966.22,19267.57,20908.34,23236.06,19465.29,20827.72,24080.43,25434.45,25965.31,25398.32,22714.30,22651.91,24399.25,25850.50,25781.35,26414.49,27043.34,27590.27,28246.54,29007.85
Bangladesh,BGD,274.33,260.21,231.99,236.75,262.12,262.55,267.98,287.84,302.59,324.93,329.49,331.73,324.43,332.77,353.91,383.10,393.53,402.89,407.35,415.37,412.33,406.41,419.69,454.10,485.66,495.49,523.03,584.50,655.95,728.39,807.53,857.50,916.03,1030.03,1163.04,1303.18,1458.85,1605.99,1744.51,1888.86,2039.54,2203.12,2379.83,2570.72,2776.91
Belarus,BLR,0.00,0.00,0.00,0.00,0.00,0.00,0.00,0.00,0.00,0.00,0.00,0.00,1210.10,1076.14,1481.46,1000.20,1375.75,1341.85,1452.41,1165.60,1277.05,1247.47,1480.15,1811.86,2370.27,3115.51,3838.29,4726.48,6366.19,5345.33,6023.15,6472.74,6938.07,7977.15,8316.01,5941.24,5022.47,5757.29,6306.42,6477.16,6799.46,7190.73,7567.33,7965.72,8303.48
Belgium,BEL,12596.43,10421.61,9177.46,8672.35,8288.99,8614.53,11937.38,14819.38,16094.35,16184.35,20227.66,20673.83,22945.23,21839.94,23750.96,28610.84,27747.95,25086.13,25602.96,25508.41,23298.47,23189.55,25186.00,30857.16,35711.78,37143.31,39020.11,44638.20,48850.72,45176.14,44691.38,47951.07,44977.07,46784.99,47550.18,40585.20,41545.96,43672.41,46724.35,46366.40,48032.54,49588.92,51308.67,52998.00,54853.75
Benin,BEN,463.28,302.87,290.91,249.42,257.92,270.98,338.37,391.60,398.30,359.38,424.69,419.75,450.63,423.98,285.16,370.88,390.36,363.91,380.17,404.16,375.22,378.98,419.99,520.21,584.00,602.79,626.34,707.00,823.98,795.51,759.07,826.70,838.44,916.14,946.50,786.17,791.50,832.83,915.37,954.10,1008.58,1066.60,1128.05,1193.69,1265.21
Bhutan,BTN,307.96,323.74,332.00,350.04,353.65,356.03,389.91,456.24,506.51,493.32,524.93,455.21,451.70,480.27,494.13,581.14,606.11,668.03,715.85,730.51,773.49,783.20,842.67,932.76,1056.23,1171.86,1288.49,1501.91,1865.18,1721.43,1998.77,2382.11,2445.20,2451.85,2387.79,2604.19,2675.39,2990.92,3215.48,3421.11,3483.93,3679.28,3949.98,4250.71,4534.06
Bolivia,BOL,695.54,615.66,668.55,619.90,631.15,668.92,640.94,683.62,712.15,715.53,723.42,777.89,804.74,795.05,804.71,885.68,955.57,1005.87,1057.72,1010.58,1005.41,959.84,914.96,918.47,979.59,1049.06,1199.58,1344.70,1695.45,1711.42,1896.24,2255.50,2605.19,2886.41,3110.57,3068.36,3128.69,3437.72,3681.63,3822.93,4052.52,4305.61,4588.33,4892.04,5242.82
Bosnia and Herzegovina,BIH,0.00,0.00,0.00,0.00,0.00,0.00,0.00,0.00,0.00,0.00,0.00,0.00,0.00,0.00,0.00,0.00,947.95,1220.09,1408.12,1533.91,1474.45,1533.62,1777.34,2242.97,2686.00,2891.68,3296.75,4060.06,4971.82,4697.84,4611.35,5050.03,4716.64,5036.03,5194.01,4584.26,4808.30,5180.78,5674.41,5754.69,6101.19,6461.28,6872.21,7317.92,7802.78
Botswana,BWA,1199.22,1039.43,1057.51,1126.87,1079.24,968.95,1267.15,1915.11,2398.68,2584.23,2750.81,2673.59,2684.21,2629.78,2755.72,2984.19,3006.15,3025.70,2841.93,3173.69,3301.21,3090.26,3017.72,4119.41,4840.81,5338.24,5352.87,5676.26,5641.18,5183.69,6374.99,7503.96,7710.80,7007.25,7497.69,6538.62,6958.34,7584.05,8137.15,8263.22,8617.02,8775.77,8961.79,9312.30,9427.19
Brazil,BRA,1229.45,1382.06,1445.72,1134.53,1105.46,1718.90,1954.38,2086.70,2288.61,3086.83,3105.01,2676.89,2522.84,2786.18,3494.00,4950.66,5200.11,5323.82,5128.34,3502.75,3771.94,3177.83,2853.57,3086.09,3655.33,4814.67,5914.46,7385.33,8873.19,8641.66,11327.46,13295.72,12426.69,12357.57,12176.25,8846.38,8752.33,9928.23,8967.66,9343.55,9765.50,10145.32,10546.89,10969.01,11411.19
Bulgaria,BGR,2835.48,3049.30,3171.17,3250.68,3446.96,2949.18,2611.00,3030.63,4965.90,5079.81,2253.90,222.71,913.31,501.48,892.19,1511.49,1153.87,1228.13,1631.94,1673.66,1613.94,1783.72,2074.58,2689.77,3344.62,3839.45,4444.51,5812.68,7152.79,6859.68,6743.74,7836.58,7399.39,7667.59,7888.56,7017.41,7496.08,8274.48,9267.38,9619.02,10352.65,11071.01,11846.46,12647.55,13533.90
Burkina Faso,BFA,310.91,264.22,240.18,214.03,186.47,200.90,256.77,291.13,313.06,304.85,351.99,346.41,361.05,334.95,196.03,235.83,249.36,229.49,255.72,267.02,226.84,237.45,261.76,332.88,371.69,407.82,419.81,475.79,572.44,554.18,574.33,667.45,674.20,700.25,704.98,575.62,584.21,643.42,728.70,744.24,791.84,838.65,889.01,940.20,996.85
Burundi,BDI,232.38,234.94,241.08,248.00,219.00,247.64,253.42,231.93,211.18,213.18,207.11,207.67,187.24,162.57,157.47,167.18,142.59,157.05,141.76,133.41,130.23,127.35,116.39,108.07,122.38,148.71,164.58,170.17,195.79,208.78,231.55,247.10,250.12,267.70,296.19,294.50,298.01,312.46,306.97,309.87,312.73,315.73,323.71,335.16,347.18
Cambodia,KHM,0.00,0.00,0.00,0.00,0.00,0.00,25.71,17.12,32.61,39.70,99.83,215.67,252.49,242.48,265.06,319.54,316.19,302.17,267.86,293.70,299.98,320.05,337.50,360.66,405.63,470.68,536.15,627.78,741.86,734.66,781.91,877.64,945.70,1009.34,1090.71,1163.41,1270.48,1387.94,1508.82,1635.44,1750.40,1871.21,1996.98,2127.17,2264.08
Cameroon,CMR,928.58,1022.23,953.54,935.49,962.85,979.48,1242.48,1399.29,1380.51,1194.71,1159.86,1254.63,1115.89,1130.16,746.71,688.96,746.87,734.60,713.69,707.44,630.70,649.52,705.62,862.27,1004.87,1007.39,1056.26,1187.88,1368.94,1309.15,1282.46,1402.67,1357.12,1471.23,1552.47,1338.60,1377.87,1441.38,1547.99,1537.61,1608.29,1679.97,1762.05,1848.48,1946.71
Canada,CAN,11280.30,12396.51,12543.79,13492.99,13947.17,14185.97,14539.23,16407.77,19040.79,20841.74,21571.68,21885.37,20984.36,20210.34,20024.77,20706.12,21325.81,21929.49,21046.89,22339.86,24301.11,23860.72,24294.89,28337.81,32182.89,36428.39,40557.36,44714.78,46775.92,40934.50,47625.00,52271.54,52753.35,52726.05,50958.06,43615.80,42446.55,45223.97,46260.71,46419.23,48451.24,50438.94,52620.59,54879.52,57150.94
Central African Republic,CAF,313.37,316.50,298.75,279.72,265.44,340.23,431.34,465.18,490.94,474.88,539.66,502.90,489.79,418.92,268.11,340.99,298.44,285.80,296.10,290.99,243.23,242.27,255.65,289.84,322.80,337.64,362.23,413.35,474.39,464.51,456.56,495.04,480.05,329.44,362.87,330.56,359.37,388.60,430.08,440.99,470.52,499.60,531.13,563.30,606.29
Chad,TCD,167.35,193.15,182.08,177.73,186.27,196.95,236.60,261.66,298.42,274.97,323.31,312.82,318.43,271.78,215.01,248.07,269.04,252.17,277.79,238.56,210.22,252.59,287.30,360.74,567.51,739.41,804.48,915.12,1072.77,933.68,1046.89,1162.47,1155.53,1180.37,1241.00,946.88,851.54,811.78,874.19,888.29,956.15,1013.83,1080.06,1121.90,1176.91
Chile,CHL,2579.93,3004.74,2204.39,1762.22,1687.03,1424.37,1504.44,1743.89,2021.06,2289.46,2503.88,2829.75,3368.29,3547.03,4030.08,5117.72,5349.61,5743.65,5446.61,4952.69,5071.56,4572.85,4443.66,4770.31,6192.91,7600.08,9473.01,10507.89,10749.24,10219.73,12793.55,14610.75,15307.77,15804.36,14643.85,13571.97,13775.71,15127.76,16078.71,15777.72,16564.42,17243.92,17933.99,18649.62,19426.24
China,CHN,309.35,290.62,282.05,298.69,303.41,295.34,282.16,302.20,371.02,409.09,348.65,358.83,423.03,525.71,472.65,608.38,708.58,780.85,827.64,872.23,958.57,1053.13,1150.23,1293.12,1512.64,1765.73,2110.56,2703.00,3467.03,3837.90,4524.06,5582.89,6329.46,7080.83,7701.69,8166.76,8115.83,8677.40,9608.42,10153.39,11013.68,11935.03,12900.46,13969.54,15102.15
Colombia,COL,1629.10,1736.15,1819.31,1769.97,1711.86,1572.19,1542.36,1572.58,1660.55,1640.39,1637.50,1658.07,1923.58,2139.18,2640.39,2939.10,3037.63,3291.58,2992.93,2588.92,2455.11,2383.31,2347.51,2240.21,2737.58,3384.61,3717.55,4684.01,5444.82,5170.53,6285.20,7264.11,7950.38,8103.49,7998.84,6088.68,5799.62,6325.49,6684.44,6680.89,6933.32,7251.52,7588.89,7949.82,8319.88
Congo,COG,2607.24,2197.24,2312.74,1805.78,1166.49,1032.03,1120.94,1027.35,1152.29,1135.11,1138.48,1070.24,935.23,1182.37,621.05,584.27,731.02,642.73,461.12,410.45,397.03,165.27,165.76,159.64,172.83,187.19,216.82,240.34,272.14,252.44,275.67,318.05,346.38,398.63,425.41,441.58,439.01,449.24,448.75,495.08,520.51,530.01,538.86,546.95,557.81
Costa Rica,CRI,2100.76,1107.14,1067.87,1252.59,1415.78,1472.76,1605.22,1606.45,1591.98,1756.80,1873.62,2318.48,2688.05,2927.07,3105.45,3327.39,3265.48,3437.06,3638.58,3703.13,3927.59,4029.58,4108.17,4213.89,4470.86,4743.15,5295.91,6187.39,7003.46,6897.24,8264.20,9260.86,10054.53,10632.95,10679.13,11422.60,11779.24,11810.18,11744.44,11895.23,12341.98,12808.88,13334.41,13899.79,14534.94
Croatia,HRV,0.00,0.00,0.00,0.00,0.00,0.00,0.00,0.00,0.00,0.00,0.00,0.00,2589.34,2804.48,3834.65,5027.78,5251.66,5243.58,5631.17,5132.69,4970.21,5409.89,6241.22,8051.03,9354.10,10208.61,11348.39,13550.44,15892.04,14159.41,13550.44,14579.30,13249.45,13664.97,13610.80,11779.01,12367.80,13382.06,14815.91,15059.09,15991.59,16879.83,17811.59,18748.31,19657.63
Cyprus,CYP,4549.65,4352.56,4452.72,4399.28,4575.71,4824.74,6057.98,7188.31,8204.41,8635.88,10360.13,10413.86,12158.76,11342.56,12525.48,15397.12,15260.55,14324.09,15181.97,15379.99,14464.82,14904.89,16188.53,20389.34,23969.82,25527.25,27448.40,31774.61,36030.55,32635.74,31262.53,32692.86,29066.12,27825.72,27273.93,23248.19,24119.95,25954.83,28339.93,28334.65,30113.78,31751.72,33507.02,35227.59,37034.03
Czech Republic,CZE,0.00,0.00,0.00,0.00,0.00,0.00,0.00,0.00,0.00,0.00,0.00,0.00,0.00,0.00,0.00,5784.10,6490.09,5993.00,6453.43,6304.16,5997.69,6599.31,8028.36,9777.81,11687.92,13362.34,15206.40,18434.54,22819.46,19787.77,19831.40,21736.84,19739.90,19912.51,19768.84,17728.70,18485.24,20409.98,22850.32,23209.60,24460.45,25629.46,26875.15,28128.38,29524.56
Denmark,DNK,13886.37,12076.17,11801.27,11852.89,11561.77,12259.28,17215.43,21349.95,22528.11,21913.16,26920.58,27052.65,29622.47,27640.50,30050.88,35471.26,35732.69,32897.57,33426.97,33492.35,30798.72,30806.61,33275.56,40512.05,46571.28,48872.10,52121.25,58641.19,64531.12,58286.54,58177.16,61864.09,58623.41,61325.58,62729.50,53478.50,54665.22,57380.20,60692.42,59999.38,62107.72,64243.40,66822.52,69706.52,72791.46
Dominican Republic,DOM,1534.32,1677.45,1545.10,1562.13,2397.60,1022.61,1212.35,1245.27,1113.84,1230.74,1123.24,1365.23,1573.69,1741.67,1916.44,2141.06,2309.92,2495.03,2658.54,2674.83,2894.30,3007.38,3158.39,2460.55,2540.85,4008.36,4188.72,4803.47,5194.80,5151.17,5688.75,6063.35,6274.87,6413.93,6693.69,6903.42,7189.40,7482.49,7880.55,8178.15,8633.82,9125.59,9657.98,10234.13,10844.44
Ecuador,ECU,2097.14,2087.38,2026.38,1732.50,1794.73,2044.31,1461.92,1332.15,1234.67,1182.53,1173.13,1286.62,1375.71,1572.84,1858.32,1980.37,2037.13,2253.23,2257.86,1598.77,1461.84,1909.42,2180.39,2434.98,2700.12,3025.01,3351.48,3588.31,4267.47,4241.94,4633.25,5192.88,5664.89,6030.50,6347.00,6099.35,6046.30,6216.61,6315.50,6155.25,6152.24,6227.00,6374.62,6489.94,6590.31
Egypt,EGY,580.04,617.66,711.35,846.39,925.97,1049.33,1132.46,1585.22,1858.03,2266.44,1870.85,923.84,825.45,906.80,978.54,1111.78,1221.89,1342.93,1469.32,1532.89,1642.63,1569.04,1356.68,1254.10,1195.37,1330.46,1563.48,1861.05,2270.36,2578.05,2921.76,3077.34,3383.11,3400.32,3524.42,3731.18,3686.07,2495.02,2573.29,3019.72,3264.86,3325.05,3394.54,3469.99,3587.26
El Salvador,SLV,830.32,723.86,709.20,675.09,490.65,473.31,471.74,473.95,545.55,613.81,917.63,985.43,1076.56,1221.26,1386.17,1590.37,1690.71,1783.89,1892.16,1935.54,2007.65,2078.26,2132.02,2218.41,2287.47,2437.48,2634.33,2790.01,2938.71,2860.54,2978.76,3251.08,3400.18,3466.38,3529.55,3628.06,3704.24,3787.33,3923.71,4027.49,4170.15,4306.91,4450.92,4592.46,4736.66
Estonia,EST,0.00,0.00,0.00,0.00,0.00,0.00,0.00,0.00,0.00,0.00,0.00,0.00,0.00,1159.90,1662.13,2642.87,3351.76,3623.81,4055.00,4129.79,4084.36,4509.30,5325.04,7186.94,8859.48,10352.25,12613.02,16606.57,18162.46,14771.01,14672.33,17470.84,17431.54,19078.21,20267.04,17421.21,18235.58,20240.91,22989.94,23514.22,25175.59,26826.77,28552.89,30320.74,32402.07
Ethiopia,ETH,215.18,215.60,220.56,237.66,217.42,246.51,247.98,256.70,257.56,262.23,269.08,287.65,293.35,176.47,151.97,152.66,155.12,152.17,134.23,128.21,129.68,125.72,116.79,120.87,138.55,165.22,198.34,249.21,334.15,397.81,360.83,379.38,493.32,535.26,613.10,702.77,777.29,817.49,852.77,951.10,1022.60,1094.56,1167.50,1248.45,1333.14
Finland,FIN,11257.80,10990.45,11036.94,10545.06,10889.93,11488.75,14998.34,18632.08,22122.56,24040.64,28505.54,25665.17,22514.81,17669.83,20433.66,26349.39,25827.21,24744.56,26054.15,26242.13,24342.60,24963.42,26946.52,32915.02,37736.55,39103.00,41238.71,48463.31,53785.14,47337.94,46391.71,50960.18,47553.40,49766.13,50087.85,42505.91,43582.43,45937.75,49845.02,49897.01,52008.07,53848.00,55681.07,57604.32,59743.46
France,FRA,13069.51,11456.04,10822.04,10292.76,9697.43,10108.56,13947.32,16793.96,18241.00,18236.77,22490.29,22406.39,24590.75,23082.72,24262.18,27741.29,27720.86,25028.47,25818.37,25549.70,23207.84,23240.84,25113.25,30675.37,35004.53,36082.12,37793.81,43059.91,47191.13,43176.39,42181.58,45410.10,42371.12,44145.23,44616.41,37937.85,38253.42,40045.58,42877.56,42472.71,44030.88,45438.77,47024.14,48623.94,50420.33
Gabon,GAB,6093.62,5376.62,4930.53,4619.02,4346.39,4478.47,5735.36,4245.96,4581.14,4899.23,6815.63,5993.32,6015.51,5677.62,4293.94,4956.84,5552.92,5068.09,4161.62,4222.73,4477.32,4065.16,4206.24,5014.41,5835.67,6947.51,7270.69,8652.12,10426.21,7854.20,8933.94,10891.10,9903.19,9760.88,9746.78,7453.11,7082.29,7369.34,8297.39,8031.44,8489.29,8946.25,9421.10,9922.38,10534.95
Georgia,GEO,0.00,0.00,0.00,0.00,0.00,0.00,0.00,0.00,0.00,0.00,0.00,0.00,0.00,0.00,167.79,402.20,669.84,796.05,840.86,668.27,742.66,797.11,850.80,1006.45,1301.72,1636.70,1992.09,2626.83,3325.49,2811.93,3062.85,3825.16,4237.93,4340.71,4441.77,3759.60,3856.07,4046.89,4400.38,4661.38,5138.10,5595.18,5996.14,6414.07,6868.89
Germany,DEU,11067.71,9294.29,8980.87,8991.06,8505.46,8646.02,12340.14,15353.22,16452.17,16170.71,20172.52,23364.33,26432.96,25568.59,27244.57,31901.25,30743.14,27253.13,27580.22,27053.85,24003.79,23945.53,25565.13,30779.57,34646.67,35236.68,37018.78,42531.25,46681.07,42576.21,42641.42,46852.93,44089.28,46544.95,48218.87,41415.17,42460.69,44770.58,48264.01,47785.51,50110.17,52289.02,54645.10,56948.10,59405.12
Ghana,GHA,3570.67,5637.60,6416.77,4218.39,1409.55,1223.25,1106.50,906.97,941.73,935.96,1056.15,1154.35,1114.47,883.34,792.68,914.59,948.53,945.09,1001.88,1011.73,606.32,630.33,714.16,858.79,970.46,1147.60,1315.81,1516.05,1677.37,1462.80,1745.54,2123.65,2184.39,2389.77,1962.66,1753.85,1941.46,2037.95,2205.80,2262.57,2347.88,2481.53,2610.18,2750.52,2885.80
Greece,GRC,5948.31,5422.70,5623.93,5050.60,4895.52,4832.49,5670.97,6577.88,7632.64,7879.21,9679.32,10282.86,11234.16,10451.75,11122.87,12997.52,13776.70,13484.14,13526.69,13901.67,12268.25,12577.02,14171.84,18530.22,22007.85,22624.07,24857.21,28899.95,32198.01,29819.23,26972.87,25896.93,22171.91,21805.26,21726.89,18114.72,18110.87,18897.64,20407.88,20571.75,21686.32,22668.02,23610.42,24448.36,25298.47
Guatemala,GTM,1014.95,1081.26,1067.96,1081.02,1102.93,1269.50,669.27,755.75,798.25,897.81,767.06,916.06,991.38,1052.61,1165.43,1279.14,1335.42,1479.01,1570.72,1448.28,1475.21,1568.38,1701.77,1753.34,1872.74,2077.84,2256.56,2489.95,2794.24,2635.74,2825.51,3187.84,3299.60,3452.83,3687.75,3923.56,4140.72,4469.46,4575.08,4674.59,4876.13,5097.78,5321.15,5557.24,5902.07
Guinea,GIN,0.00,0.00,0.00,0.00,0.00,0.00,0.00,0.00,0.00,0.00,616.33,660.44,678.63,639.33,626.43,655.75,656.71,628.19,591.51,557.83,461.78,427.88,444.66,517.03,538.88,470.57,426.42,628.71,675.39,637.48,631.29,540.56,637.79,712.98,729.80,712.05,687.12,801.89,883.03,926.33,973.93,1026.92,1075.41,1123.03,1172.92
Haiti,HTI,260.45,281.63,287.75,303.40,330.24,360.21,393.13,190.25,123.63,112.00,139.69,123.00,72.42,81.26,231.27,359.76,364.99,411.61,450.95,494.26,462.49,413.72,393.00,329.77,387.95,465.33,505.50,615.81,674.86,668.27,662.01,740.85,766.81,810.17,829.91,809.67,753.91,783.79,856.80,853.71,847.91,871.30,893.69,917.89,943.11
Honduras,HND,955.25,1017.06,1015.87,1044.20,1092.45,1161.91,1180.45,1249.58,1351.37,1467.02,841.25,822.64,890.91,887.89,845.18,948.43,889.06,951.36,1028.09,1009.37,1088.78,1130.41,1132.87,1157.31,1217.66,1311.74,1437.63,1592.57,1751.60,1802.88,1919.47,2113.28,2178.42,2136.74,2242.71,2341.28,2382.61,2491.47,2521.17,2569.49,2619.18,2683.29,2747.44,2817.70,2892.01
Hungary,HUN,2151.15,2206.81,2249.66,2046.10,1989.61,2022.67,2338.46,2582.47,2838.15,2909.28,3311.85,3349.75,3732.90,3870.51,4169.96,4490.56,4520.86,4590.84,4744.21,4795.71,4628.31,5276.60,6655.22,8413.01,10286.31,11193.84,11441.42,13893.38,15729.06,13019.04,13073.96,14097.94,12873.20,13646.27,14182.70,12487.23,12818.72,14264.25,15923.82,17296.33,18251.32,19383.71,20278.41,21294.62,22403.61
Iceland,ISL,15133.10,15454.71,14008.88,11865.27,12139.43,12517.15,16585.86,22795.64,24840.13,22646.59,25651.42,27183.02,27383.23,23749.38,24142.70,26711.55,27914.45,28090.86,31184.57,32539.79,32265.46,28957.27,32433.60,39567.45,47612.44,57267.86,57408.96,69928.20,56759.31,41220.97,43080.60,47600.73,46073.94,49815.68,54527.56,52838.36,62004.70,72389.87,74278.17,68793.69,73703.61,76636.41,79285.13,82267.06,85221.86
India,IND,276.35,280.76,284.47,303.76,288.56,311.43,324.25,356.25,368.34,361.45,385.38,318.10,332.50,315.42,362.37,391.25,418.63,434.71,432.23,462.22,462.98,471.70,491.99,571.56,656.52,747.34,837.46,1076.84,1048.74,1153.19,1422.93,1497.75,1481.56,1485.60,1610.36,1639.69,1761.63,2014.01,2036.20,2198.59,2378.67,2578.11,2791.31,3023.39,3277.28
Indonesia,IDN,673.24,736.99,741.95,659.47,672.20,658.22,610.23,562.90,621.93,696.87,770.76,847.57,907.77,1013.06,1115.61,1254.02,1394.50,1308.11,572.09,829.57,870.15,834.14,1002.91,1186.85,1280.70,1403.88,1764.79,2064.23,2418.04,2464.96,3178.13,3688.53,3744.53,3684.00,3533.61,3367.69,3605.72,3884.72,3870.56,4123.30,4479.50,4787.08,5074.95,5381.09,5704.86
Iran,IRN,2380.48,2484.97,3007.01,3537.95,3495.22,3776.61,4222.51,5465.15,6137.68,7128.94,10556.09,5417.51,872.34,1131.19,1412.71,1954.87,2620.05,3041.22,3364.22,4387.75,5698.41,5119.72,1957.43,2272.50,2734.03,3288.37,3834.73,4929.06,5621.05,5608.98,6504.87,7680.86,5118.47,5152.04,5395.79,4723.48,5026.65,5289.80,5491.44,5820.44,5890.70,6062.90,6249.65,6434.18,6671.89
Iraq,IRQ,0.00,0.00,0.00,0.00,0.00,0.00,0.00,0.00,0.00,0.00,0.00,0.00,0.00,0.00,0.00,0.00,0.00,0.00,0.00,0.00,0.00,0.00,0.00,608.66,1373.74,1828.74,2321.26,3090.85,4472.12,3701.86,4473.71,5848.54,6692.58,7021.41,6704.31,5047.12,4714.47,5210.64,5929.83,5758.78,6152.93,6303.07,6454.50,6610.88,6788.73
Ireland,IRL,6250.24,5884.52,6076.23,5838.00,5590.05,5932.68,7990.64,9416.55,10362.03,10751.24,13640.50,13743.88,15327.07,14258.32,15450.50,19080.80,20774.86,22461.55,24172.17,26189.63,26151.62,28079.52,32438.47,40921.16,47336.15,50475.60,53762.86,60812.43,61193.20,52100.83,48716.46,51932.00,48892.23,51550.93,55534.10,61702.51,63289.73,68722.58,76098.59,76911.15,80862.20,84585.73,88561.33,92283.03,96374.98
Israel,ISR,6074.51,6390.57,6728.22,7347.64,6867.31,6271.23,7602.20,8934.32,10886.15,10888.82,12457.36,13306.31,14354.76,14055.78,15641.50,18088.17,19334.86,19682.85,19416.23,19127.56,21038.05,20302.39,18433.05,18963.27,19885.35,20559.21,21836.34,24907.92,29557.07,27726.36,30670.34,33713.12,32556.96,36359.93,37750.29,35869.73,37382.96,40560.26,41644.08,42144.01,43765.33,45271.64,46980.92,48710.10,50479.69
Italy,ITA,8560.63,7750.80,7653.96,7937.30,7841.82,8094.69,11462.72,14387.76,15936.29,16562.87,20654.54,21798.60,23119.69,18575.43,19152.13,20607.14,23032.91,21808.66,22282.16,21967.88,20112.61,20419.54,22288.64,27488.53,31239.99,31958.53,33339.75,37685.36,40689.11,36849.94,35657.65,38003.36,34469.65,35219.82,35456.68,30153.41,30824.30,32132.47,34260.34,33352.93,34428.48,35300.30,36278.63,37226.68,38345.31
Jamaica,JAM,1214.38,1310.50,1479.51,1289.23,948.00,878.36,1034.77,1158.60,1372.73,1588.56,1971.70,1799.77,1804.41,2280.66,2266.08,2657.67,2975.13,3347.37,3467.54,3473.44,3510.58,3529.71,3700.05,3562.46,3816.91,4187.91,4430.51,4756.27,5054.56,4435.27,4812.26,5232.30,5332.49,5104.90,4953.22,5029.07,4986.45,5193.49,5392.49,5617.66,5782.90,6022.21,6284.76,6560.36,6848.05
Japan,JPN,9466.40,10363.52,9577.94,10424.37,10981.92,11580.20,17118.39,20755.51,25065.13,24830.99,25379.60,28923.31,31429.62,35698.91,39219.81,43441.33,38450.96,35034.54,31915.74,36039.08,38535.59,33850.88,32300.67,34831.20,37696.72,37223.77,35463.87,35342.48,39453.49,41014.19,44673.61,48168.80,48632.90,40490.16,38156.33,34568.93,38804.86,38344.02,39305.78,41021.25,43700.82,46357.59,49163.89,52140.07,55406.63
Jordan,JOR,1645.77,1783.02,1829.81,1845.11,1788.17,1726.94,2126.68,2158.26,1944.32,1252.55,1168.51,1157.62,1353.05,1320.38,1409.79,1454.17,1469.00,1499.56,1605.61,1624.98,1657.91,1728.16,1812.29,1889.22,2061.46,2203.09,2537.30,2762.82,3384.15,3492.10,3679.19,3826.55,3930.95,4054.77,4129.99,4145.48,4151.16,4201.66,4278.29,4394.94,4550.18,4733.41,4946.84,5188.44,5443.92
Kazakhstan,KAZ,0.00,0.00,0.00,0.00,0.00,0.00,0.00,0.00,0.00,0.00,0.00,0.00,168.65,304.85,737.24,1058.58,1349.60,1457.03,1445.90,1132.13,1230.49,1491.65,1657.15,2062.29,2862.50,3753.44,5261.03,6733.45,8349.29,7116.50,9005.26,11553.13,12300.48,13789.25,12712.10,10434.76,7658.46,8953.48,9236.97,8763.94,9325.46,9890.39,10521.17,11377.36,12338.24
Kenya,KEN,641.65,582.63,541.28,484.06,485.69,467.40,536.79,569.04,570.52,546.95,552.68,506.80,484.70,326.99,380.18,468.00,516.17,507.78,564.74,500.11,479.30,479.60,474.00,524.74,549.16,621.28,743.44,895.23,978.45,982.00,1038.95,1054.98,1238.88,1318.79,1431.32,1453.30,1559.39,1695.15,1857.16,2010.51,2151.27,2281.70,2421.86,2564.24,2714.84
South Korea,KOR,1704.47,1870.34,1977.63,2180.50,2390.69,2457.33,2803.36,3511.00,4686.15,5736.94,6516.27,7523.44,8001.53,8740.94,10205.86,12332.93,13137.85,12131.89,8085.34,10409.36,11947.60,11252.87,12782.54,14209.34,15907.68,18639.52,20888.38,23060.71,20430.64,18291.92,22086.95,24079.79,24358.78,25890.02,27811.37,27105.08,27608.25,29749.80,31345.62,31936.73,33490.77,35029.80,36751.68,38612.42,40631.14
Kuwait,KWT,20966.18,17631.85,14417.54,12973.99,13410.42,12670.69,9653.47,10956.48,9640.41,11359.51,8588.15,7960.51,13989.93,16213.49,13549.78,13871.99,15068.13,13740.68,11424.92,13358.13,17012.78,15108.11,15759.07,18786.75,21585.56,27014.77,31907.20,33732.52,42827.13,30414.74,32216.41,41657.44,45726.19,44754.34,40278.05,27398.08,25267.15,26863.33,30839.20,29128.55,29592.24,30112.11,30551.70,31119.26,31823.63
Kyrgyzstan,KGZ,0.00,0.00,0.00,0.00,0.00,0.00,0.00,0.00,0.00,0.00,0.00,0.00,207.06,147.51,244.77,324.84,390.96,373.37,339.08,254.83,277.94,307.04,320.43,378.36,431.16,473.87,540.54,719.78,960.95,865.60,875.26,1116.34,1166.15,1269.79,1266.64,1109.43,1109.59,1231.15,1268.03,1280.18,1323.68,1372.51,1433.82,1481.86,1529.79
Latvia,LVA,0.00,0.00,0.00,0.00,0.00,0.00,0.00,0.00,0.00,0.00,0.00,0.00,632.91,1022.24,1724.98,2163.46,2417.46,2669.57,2965.16,3140.33,3334.25,3548.51,4116.13,5111.50,6315.40,7533.79,9635.17,14010.24,16316.83,12131.33,11228.13,13735.62,13762.16,14951.88,15680.89,13587.68,14071.88,15652.61,18031.99,18522.10,19796.30,21033.59,22337.48,23660.09,25126.29
Lebanon,LBN,1575.56,1517.33,1038.76,1431.39,1692.11,1397.48,1073.33,1242.79,1235.08,1002.25,1035.46,1594.75,1937.90,2561.29,3019.67,3614.22,4173.21,5019.86,5474.55,5436.75,5256.62,5163.66,5343.65,5260.89,5473.48,5390.21,5434.25,6086.80,7109.51,8480.99,8858.28,8734.19,8996.56,8882.80,8619.26,8540.39,8530.36,8778.47,9257.30,9607.89,10070.15,10641.53,11327.29,12098.55,12951.25
Lesotho,LSO,366.60,362.63,294.24,315.39,287.56,224.45,251.60,313.97,346.85,350.49,411.21,460.13,513.34,500.56,517.01,552.97,527.61,555.91,511.82,501.76,487.53,403.30,441.12,637.05,794.36,851.05,870.72,1001.12,922.43,1083.00,1309.59,1431.87,1358.87,1273.88,1336.39,1179.12,1216.64,1352.70,1357.78,1372.51,1402.35,1457.15,1514.94,1568.40,1616.67
Liberia,LBR,0.00,0.00,0.00,0.00,0.00,0.00,0.00,0.00,0.00,0.00,0.00,0.00,0.00,0.00,0.00,0.00,0.00,0.00,0.00,0.00,329.51,329.22,329.27,260.97,307.06,316.49,360.52,424.94,512.35,504.52,550.36,640.71,707.71,777.48,777.02,764.41,772.39,754.66,728.02,703.67,685.34,678.81,696.89,692.27,716.75
Libya,LBY,13031.83,10762.56,10247.11,9371.01,8411.48,8319.67,6524.78,5815.61,5795.81,5881.53,7193.54,7776.95,7703.53,6780.86,6192.59,6882.21,7372.45,7424.95,5980.04,7067.88,7388.14,6485.16,3833.57,4831.42,5988.39,8467.72,9659.64,11711.14,12570.87,8524.77,11417.42,5402.25,12693.64,8282.15,3876.41,2719.95,2903.74,4739.92,6692.38,6835.62,7589.79,8455.55,9508.20,10788.94,12339.90
Lithuania,LTU,0.00,0.00,0.00,0.00,0.00,0.00,0.00,0.00,0.00,0.00,0.00,0.00,0.00,0.00,0.00,1845.67,2328.22,2830.75,3166.96,3113.64,3297.45,3530.20,4146.11,5505.59,6706.03,7880.35,9246.51,12313.17,15047.25,11866.63,12010.68,14386.61,14354.29,15695.74,16584.72,14299.14,14988.71,16863.65,19143.42,19748.94,21270.85,22797.39,24384.63,25998.28,27748.22
Luxembourg,LUX,17738.53,15251.81,12514.67,12284.38,12032.97,12444.14,18022.94,22239.52,24976.57,26333.47,33201.25,35490.12,39219.74,39643.49,43482.86,50911.12,49920.89,44382.17,45821.99,49539.61,49173.44,48489.55,53348.37,66045.43,76318.34,81104.54,90494.69,107013.82,115987.04,104357.92,106184.61,117340.49,108047.82,114998.32,120449.61,101665.00,102361.02,105712.98,114234.24,112846.46,116510.09,119582.85,122822.84,125635.03,128963.57
Madagascar,MDG,462.13,400.16,382.41,371.10,302.59,286.32,317.45,242.88,224.54,222.92,266.88,225.01,244.67,266.59,228.30,234.89,287.77,247.44,252.76,243.82,246.28,278.99,262.74,317.42,245.67,275.52,292.99,379.07,472.38,417.18,414.15,456.33,444.96,462.46,452.81,400.35,399.69,447.66,459.35,470.67,487.14,507.85,531.72,557.09,583.97
Malawi,MWI,326.98,318.03,295.58,298.05,284.32,254.77,251.76,232.78,251.93,272.96,298.72,371.87,300.05,343.23,197.55,227.20,363.68,414.36,264.97,261.56,250.46,240.40,272.82,245.14,259.73,267.79,284.73,306.90,358.42,405.62,442.77,493.84,359.59,317.47,343.98,353.51,294.76,324.81,351.14,366.53,376.60,388.60,403.68,421.26,439.12
Malaysia,MYS,1899.98,1893.24,1978.38,2158.89,2385.62,2124.29,1837.93,2041.02,2182.86,2347.18,2549.61,2844.90,3331.39,3664.87,3971.09,4612.50,5103.04,4941.36,3470.47,3710.07,4286.83,4130.38,4379.64,4673.91,5171.42,5599.05,6264.42,7378.59,8646.57,7439.44,8920.48,10252.59,10655.46,10699.66,11008.87,9511.81,9380.98,9827.67,10941.75,11385.11,12100.44,12826.16,13632.21,14489.70,15455.74
Mali,MLI,286.45,234.09,202.86,191.97,187.77,185.35,252.94,290.08,287.08,345.59,387.84,387.97,389.75,379.11,282.77,356.81,355.70,325.45,329.01,331.77,277.78,316.17,345.48,404.83,453.97,504.79,539.58,616.72,716.36,721.98,732.45,861.69,801.08,827.35,872.03,772.64,802.41,853.91,926.91,933.88,982.99,1028.33,1076.57,1124.47,1169.76
Malta,MLT,3796.75,3677.24,3453.66,3249.77,3102.00,3113.71,3937.75,4878.64,5501.11,5705.59,6784.68,7186.49,7913.69,6981.79,7653.98,8943.30,9071.56,9111.74,9583.84,9944.33,10440.48,10391.87,11337.66,13648.26,15126.47,15899.49,16765.53,19584.63,22116.12,20806.32,21150.42,22918.10,22070.54,24032.66,26319.61,24336.83,25411.37,27707.38,31058.43,32021.78,34295.92,36365.15,38551.05,40774.29,43149.13
Mauritania,MRT,0.00,0.00,0.00,0.00,0.00,0.00,0.00,0.00,0.00,0.00,597.72,666.67,683.82,568.20,581.87,608.16,601.77,567.22,537.92,534.71,477.47,464.22,460.95,528.57,601.78,697.55,965.56,1009.07,1167.53,1046.83,1203.38,1393.25,1364.28,1450.57,1326.67,1154.98,1089.43,1112.87,1142.52,1191.51,1185.60,1200.47,1305.06,1393.63,1509.58
Mauritius,MUS,1268.11,1186.58,1124.40,1179.73,1080.41,1085.14,1454.12,1827.43,2104.55,2146.05,2555.86,2781.63,3091.41,3148.80,3446.31,3902.22,3993.48,3703.63,3701.87,3859.15,4102.59,4026.94,4196.43,5005.42,5626.00,5516.20,5695.98,6574.66,8030.05,7318.13,8000.38,9197.04,9291.24,9637.02,10151.73,9258.56,9681.42,10491.07,11280.68,11693.55,12433.16,13225.63,14096.98,14947.25,15835.20
Mexico,MEX,3295.89,4135.81,2934.85,2341.27,2703.33,2810.06,1906.82,2050.33,2459.99,2940.09,3335.46,3927.96,4479.32,5467.16,5672.01,3810.93,4286.48,5148.07,5346.19,6019.94,7016.24,7409.68,7465.92,6964.63,7383.02,8189.16,8997.27,9588.51,9973.02,7975.42,9258.20,10204.51,10261.05,10764.33,10980.99,9673.64,8814.92,9376.99,9807.44,9858.30,10211.14,10593.17,11012.38,11461.32,11936.32
Moldova,MDA,0.00,0.00,0.00,0.00,0.00,0.00,0.00,0.00,0.00,0.00,0.00,0.00,280.95,362.19,377.37,470.12,554.34,633.01,557.90,385.91,434.00,489.91,551.25,658.92,866.00,999.05,1142.31,1478.48,2036.94,1831.31,1959.63,2364.74,2446.30,2669.23,2675.04,2174.33,2273.16,2726.54,3217.72,3398.87,3614.89,3825.03,4049.49,4285.67,4540.21
Mongolia,MNG,0.00,0.00,0.00,0.00,0.00,0.00,0.00,0.00,0.00,0.00,1502.36,1544.56,841.98,411.01,488.44,754.78,688.95,596.10,559.49,520.73,552.98,610.30,662.70,747.09,919.76,989.18,1321.61,1616.14,2109.27,1687.55,2602.37,3702.36,4281.33,4293.83,4081.02,3842.54,3576.86,3597.86,4026.28,4150.61,4449.01,4762.59,5088.25,5462.68,5863.63
Montenegro,MNE,0.00,0.00,0.00,0.00,0.00,0.00,0.00,0.00,0.00,0.00,0.00,0.00,0.00,0.00,0.00,0.00,0.00,0.00,0.00,0.00,1577.09,1870.59,2062.17,2733.99,3370.87,3679.44,4431.06,5984.68,7402.67,6744.16,6694.34,7325.66,6590.43,7189.15,7389.89,6517.42,7028.21,7779.37,8651.68,8711.37,9180.45,9674.58,10243.81,10825.20,11431.98
Morocco,MAR,1132.09,895.78,881.18,778.04,695.13,685.33,884.05,952.58,1102.83,1109.29,1248.81,1310.61,1343.36,1239.05,1369.64,1479.28,1612.85,1442.43,1519.17,1492.18,1373.92,1376.53,1453.94,1768.60,1999.13,2063.31,2242.73,2549.88,2946.93,2922.59,2896.56,3111.54,2979.74,3200.48,3259.72,2964.96,2996.65,3147.85,3359.14,3409.95,3589.68,3779.59,3987.15,4208.87,4448.54
Mozambique,MOZ,444.80,337.26,336.64,295.42,302.88,396.19,463.22,209.55,184.50,192.13,304.39,231.54,151.72,152.11,159.08,157.93,210.63,243.00,271.93,290.32,255.35,243.13,257.60,279.20,330.20,361.49,382.00,423.37,502.50,475.42,429.95,524.89,589.82,605.00,619.91,528.93,379.00,426.09,475.56,493.37,509.30,527.21,546.67,596.43,662.85
Myanmar,MMR,0.00,0.00,0.00,0.00,0.00,0.00,0.00,0.00,0.00,0.00,0.00,0.00,0.00,0.00,0.00,0.00,0.00,0.00,164.28,213.12,221.19,159.45,165.59,254.09,255.00,287.49,345.62,477.87,704.11,770.21,996.63,1196.92,1186.01,1179.56,1275.29,1151.25,1210.26,1267.38,1297.68,1238.52,1337.69,1454.23,1588.47,1733.37,1894.87
Namibia,NAM,0.00,0.00,0.00,0.00,0.00,0.00,0.00,0.00,0.00,2027.87,2109.53,2034.92,2071.00,1922.82,2100.28,2197.59,2126.35,2143.73,1837.31,1874.47,2139.71,1939.79,1811.25,2607.86,3440.97,3708.79,4007.73,4378.56,4198.55,4340.18,5410.98,5870.93,6038.86,5793.93,5717.76,5160.20,4852.05,5593.30,5726.70,5675.11,5834.57,6048.55,6287.18,6524.29,6781.97
Nepal,NPL,132.86,151.84,149.93,160.26,165.65,168.17,178.96,181.61,209.44,206.87,207.70,221.43,195.82,204.63,208.15,220.40,221.92,235.99,229.85,231.85,241.38,243.81,243.26,253.62,287.40,319.03,348.63,393.85,473.84,480.72,592.15,695.69,681.79,688.58,705.94,747.16,730.98,849.01,972.38,965.34,1090.49,1177.52,1266.81,1367.55,1473.76
Netherlands,NLD,13668.93,11378.80,10973.16,10643.04,9867.25,9964.01,13810.05,16807.92,17869.58,17514.51,21457.92,21931.77,24061.89,23237.63,24824.41,29284.58,29016.44,26733.01,27924.51,28299.67,26220.07,26891.92,29294.21,35734.22,40404.22,42046.72,44901.09,51804.20,57916.25,52648.42,51046.25,54209.22,50100.62,52201.72,52914.14,45205.77,46027.69,48555.35,53106.38,53016.39,55230.24,57215.66,59399.92,61555.38,64018.51
New Zealand,NZL,7203.52,7458.19,7326.45,7022.03,6919.02,6901.93,8323.40,11122.52,13561.99,13015.52,13363.05,12356.54,11691.42,12451.14,14492.63,16784.07,18356.51,18115.85,14827.98,15280.99,13978.23,13560.58,15552.30,20304.76,24689.82,27206.07,26077.52,31784.19,31663.80,28099.90,33222.26,37985.40,39553.74,41775.71,43857.78,37741.88,38982.80,41350.26,41266.85,41988.60,44205.21,46423.36,48692.84,50903.82,53186.55
Nicaragua,NIC,0.00,0.00,0.00,0.00,0.00,0.00,0.00,0.00,0.00,0.00,0.00,0.00,0.00,0.00,854.13,897.72,916.52,917.11,951.84,981.02,1016.42,1045.95,1010.05,1015.40,1091.00,1175.11,1240.99,1344.30,1518.81,1464.25,1526.49,1682.96,1792.04,1847.20,1975.47,2073.49,2143.81,2221.80,2108.42,1983.33,1937.54,1917.82,1911.08,1911.56,1947.60
Niger,NER,461.46,386.19,346.88,299.59,234.73,223.99,286.75,325.89,322.59,298.89,329.65,299.57,291.83,267.09,181.67,197.22,204.03,181.69,200.63,188.22,159.23,164.09,180.83,223.46,237.22,263.79,275.51,312.75,382.36,368.28,378.21,410.74,431.37,462.03,481.61,411.12,418.27,433.74,477.07,487.68,517.00,543.52,597.25,633.42,665.24
Nigeria,NGA,0.00,0.00,0.00,0.00,0.00,0.00,0.00,0.00,0.00,0.00,686.48,645.45,546.09,577.54,792.81,1273.27,1618.29,1713.38,1861.07,496.50,570.17,598.29,748.31,797.64,982.98,1245.07,1591.33,1822.79,2234.36,1958.58,2365.01,2582.57,2797.86,3042.05,3268.39,2763.20,2207.86,1994.65,2049.11,2233.45,2423.84,2620.22,2841.02,3071.21,3315.19
Macedonia,MKD,0.00,0.00,0.00,0.00,0.00,0.00,0.00,0.00,0.00,0.00,0.00,0.00,1263.86,1383.54,1824.42,2387.16,2348.11,1980.43,1888.76,1931.99,1878.24,1839.62,1974.06,2440.81,2796.62,3071.90,3359.61,4076.30,4838.15,4579.09,4576.23,5174.89,4728.27,5239.72,5498.61,4860.42,5153.02,5448.43,6100.19,6198.50,6586.61,6980.42,7418.14,7871.78,8383.60
Norway,NOR,15746.21,15484.68,15196.29,14906.21,14968.79,15728.22,18853.07,22445.07,24143.16,24245.45,28187.22,28514.50,30432.93,27880.63,29236.41,34789.46,37224.69,36560.86,34717.45,36278.68,38063.12,38501.58,42974.68,50023.11,57478.74,66652.74,73936.76,84946.46,96626.30,79836.11,87432.38,100307.39,101273.38,102722.00,96837.61,74280.70,70703.17,75513.64,81694.63,79733.12,81407.26,83001.59,84949.21,86903.02,88945.57
Pakistan,PAK,384.90,442.25,469.60,426.34,450.31,438.24,436.97,445.07,500.31,508.69,495.99,551.24,565.91,583.71,573.82,654.03,666.46,641.57,624.16,617.58,583.32,555.23,544.37,611.43,705.72,776.77,883.24,963.28,1037.61,998.19,1031.65,1218.34,1254.17,1266.74,1312.43,1424.95,1439.63,1545.94,1555.38,1357.98,0.00,0.00,0.00,0.00,0.00
Panama,PAN,2038.17,2252.05,2429.95,2437.81,2487.42,2573.29,2616.16,2571.63,2176.56,2137.26,2276.28,2450.20,2726.97,2916.29,3046.04,3050.72,3524.10,3731.10,3963.41,4070.42,4046.46,4029.98,4106.47,4244.18,4565.10,4886.41,5315.84,6127.03,7110.23,7532.40,8039.76,9314.69,10674.49,11841.89,12756.95,13606.60,14356.45,15198.09,15679.04,16629.07,17644.88,18620.28,19645.97,20727.70,21867.69
Paraguay,PRY,1299.66,1608.46,1636.53,1762.99,1390.89,1154.15,1335.76,1084.70,1392.42,977.84,1185.28,1585.24,1592.06,1580.21,1681.40,1897.13,2008.19,2003.58,1824.65,1706.40,1675.79,1577.68,1312.08,1377.52,1693.89,1857.77,2284.98,2988.68,4047.76,3622.63,4347.21,5298.45,5151.37,5882.78,6050.04,5353.08,5259.94,5609.85,5898.82,5921.10,6256.41,6584.54,6914.90,7248.58,7560.94
Peru,PER,1164.83,1373.07,1332.46,1011.73,1018.79,861.60,1263.73,2040.65,1579.55,1908.46,1301.47,1530.74,1562.58,1487.86,1863.30,2179.18,2221.56,2297.79,2168.23,1929.71,1962.98,1957.52,2036.38,2178.49,2429.34,2695.73,3121.91,3587.80,4227.53,4165.80,5051.26,5733.22,6402.12,6632.22,6561.78,6147.84,6175.88,6728.09,7002.09,7141.91,7438.48,7770.52,8140.97,8533.72,8943.49
Philippines,PHL,752.82,806.60,819.87,715.13,659.36,627.54,597.84,648.26,723.48,794.10,805.63,806.94,919.70,922.19,1062.28,1200.43,1276.66,1240.77,958.16,1078.00,1051.97,970.38,1013.42,1024.77,1093.48,1208.93,1405.21,1683.69,1941.00,1851.07,2155.41,2379.94,2591.63,2768.47,2849.27,2882.77,2953.21,2988.90,3103.62,3280.38,3507.88,3748.64,4039.72,4355.49,4696.61
Poland,POL,1591.91,1494.90,1799.92,2052.91,2038.03,1896.08,1961.68,1687.80,1815.82,1768.61,1625.84,2101.35,2311.09,2347.12,2687.41,3605.16,4058.18,4067.96,4450.33,4339.60,4476.25,4978.05,5195.28,5691.34,6684.46,8019.77,9035.26,11264.72,14004.76,11541.35,12601.92,13886.83,13158.07,13777.30,14342.83,12565.74,12427.65,13867.61,15430.93,15629.88,16957.14,18340.34,19892.36,21582.30,23403.54
Portugal,PRT,3339.09,3296.98,3095.40,2838.93,2596.33,2716.91,3774.95,4724.91,5533.16,5978.16,7958.02,9027.18,10864.55,9548.58,9978.59,11788.47,12187.56,11597.70,12220.18,12490.93,11533.83,11737.17,12922.15,15799.89,18064.47,18815.44,19837.97,22811.57,24933.17,23122.56,22580.68,23217.34,20588.87,21625.48,22112.54,19262.27,19985.55,21334.13,23186.27,23310.76,24363.68,25316.76,26341.12,27335.91,28438.04
Qatar,QAT,31999.31,32677.16,26613.59,21147.40,20551.62,18201.42,13677.70,13828.96,12749.10,12967.63,15446.33,14189.04,15616.95,14546.04,14894.69,16238.35,17677.59,21337.10,18633.92,21660.45,29914.27,28666.61,30748.54,35644.41,44051.66,54228.83,62920.65,69166.96,74189.29,59683.14,72953.44,96827.86,101933.12,99180.39,93054.14,66346.91,57965.38,62826.06,70779.52,70288.18,73919.25,77017.69,80544.15,84188.70,89025.69
Romania,ROU,2065.22,2466.04,2456.84,2138.77,1721.25,2115.46,2278.87,2534.07,2609.66,2329.57,1652.37,1249.01,853.11,1154.67,1325.48,1573.13,1575.50,1581.75,1897.42,1611.13,1669.98,1817.05,2118.57,2768.12,3541.52,4662.67,5811.44,8262.41,10385.85,8517.60,8190.57,9081.72,8518.92,9537.82,10004.88,8950.46,9538.93,10761.71,12285.20,12506.52,13479.31,14432.95,15414.65,16426.82,17545.41
Russia,RUS,0.00,0.00,0.00,0.00,0.00,0.00,0.00,0.00,0.00,0.00,6723.50,5784.38,617.75,1325.51,1997.53,2263.51,2833.11,2934.36,1969.20,1427.75,1899.41,2251.27,2547.87,3186.72,4392.86,5693.94,7395.82,9721.86,12429.09,9149.11,11406.19,14271.68,15358.09,15942.14,14305.57,9477.56,8909.55,10961.99,11326.77,11191.29,11596.73,12006.78,12430.17,12889.88,13440.27
Rwanda,RWA,270.53,296.19,304.58,313.50,293.24,336.89,368.93,395.85,409.15,413.15,385.96,276.23,292.94,301.09,206.47,226.63,248.49,319.39,312.59,262.56,229.24,209.12,200.12,215.30,240.95,293.25,349.99,415.71,511.87,554.56,577.41,636.44,696.73,709.83,727.97,736.38,734.82,773.95,791.34,829.97,878.67,933.94,998.59,1070.33,1147.45
Saudi Arabia,SAU,17655.14,18832.06,14912.74,11972.19,10558.77,8732.74,6955.05,6524.16,6398.84,6583.29,7734.98,8280.18,8077.77,7686.01,7626.36,7893.42,8527.67,8706.35,7525.30,8092.70,9256.54,8778.39,8822.51,9800.53,11467.10,14068.22,15603.99,16666.63,20157.30,16094.68,19163.34,23654.87,25208.16,24892.99,24580.47,21094.60,20317.68,21153.21,23566.38,22507.13,22870.65,23199.40,23582.24,24059.08,24595.57
Senegal,SEN,781.32,689.68,656.59,569.22,539.15,573.04,786.53,917.91,880.71,842.54,952.42,910.03,946.74,869.09,576.64,706.21,714.64,643.17,679.90,676.01,603.47,609.72,651.45,815.15,928.96,981.31,1026.10,1204.91,1395.41,1297.94,1257.74,1345.41,1301.51,1343.18,1361.35,1186.93,1231.65,1333.42,1473.84,1510.20,1627.33,1725.46,1921.78,2092.75,2196.20
Serbia,SRB,0.00,0.00,0.00,0.00,0.00,0.00,0.00,0.00,0.00,0.00,0.00,0.00,0.00,0.00,0.00,0.00,0.00,2925.93,2300.70,1507.68,1238.89,1640.95,2156.89,2836.54,3315.33,3695.34,4398.83,5878.87,7087.45,6168.23,5673.62,6809.94,6012.63,6752.80,6598.94,5585.12,5756.38,6284.20,7243.40,7526.94,8200.50,8877.49,9623.80,10394.20,11140.08
Sierra Leone,SLE,490.44,513.08,565.07,479.98,552.18,460.72,337.50,287.72,461.77,414.41,224.57,268.08,234.03,266.10,317.34,304.15,327.82,294.27,230.25,224.92,210.75,234.00,258.17,272.05,271.40,299.27,331.02,368.86,418.79,399.93,410.60,457.92,578.30,731.07,721.56,599.57,522.36,506.01,515.90,516.76,533.76,549.62,571.83,598.38,625.95
Singapore,SGP,5003.79,5670.74,5998.02,6714.50,7155.39,6781.92,6864.32,7786.65,9316.36,10711.03,12766.06,14504.60,16144.34,18302.53,21577.84,24937.27,26262.26,26386.35,21824.01,21796.25,23793.11,21576.81,22016.98,23573.85,27404.81,29869.90,33579.16,39223.54,39722.15,38577.17,46569.40,53363.94,54891.87,56519.35,57271.72,55330.51,56454.74,59990.06,64041.42,65627.04,68487.46,71278.12,74356.17,77586.30,80969.52
Slovakia,SVK,0.00,0.00,0.00,0.00,0.00,0.00,0.00,0.00,0.00,0.00,0.00,0.00,0.00,2561.19,2938.63,3696.57,3989.98,4069.75,4232.73,3864.18,3832.54,3976.09,4620.66,6330.05,8027.23,9129.07,10683.50,14349.95,18048.56,16567.15,16634.69,18223.90,17294.62,18205.91,18668.68,16197.78,16564.91,17627.11,19581.58,20155.07,21506.67,22821.66,24171.18,25489.00,26794.19
Slovenia,SVN,0.00,0.00,0.00,0.00,0.00,0.00,0.00,0.00,0.00,0.00,0.00,0.00,9603.57,8326.92,8436.81,10708.57,10797.09,10463.46,11157.74,11498.63,10286.10,10501.87,11841.81,14905.10,17282.62,18222.58,19777.13,23959.17,27784.01,24785.05,23499.59,25040.52,22563.16,23378.09,24243.95,20904.67,21635.44,23502.25,26234.27,26621.35,28108.15,29526.21,30946.14,32327.88,33828.98
Somalia,SOM,0.00,0.00,0.00,0.00,0.00,0.00,0.00,0.00,0.00,0.00,0.00,0.00,0.00,0.00,0.00,0.00,0.00,0.00,0.00,0.00,0.00,0.00,0.00,0.00,0.00,0.00,0.00,0.00,0.00,0.00,0.00,0.00,0.00,0.00,0.00,0.00,0.00,0.00,0.00,0.00,0.00,0.00,0.00,0.00,0.00
South Africa,ZAF,2853.53,2865.01,2561.74,2783.10,2400.34,1792.07,2003.02,2570.27,2704.74,2753.51,3140.34,3289.04,3481.42,3390.85,3446.84,3752.37,3499.21,3555.70,3159.40,3087.27,3039.04,2667.88,2520.59,3772.06,4868.70,5412.94,5638.68,6123.96,5802.37,5926.40,7380.62,8083.13,7574.43,6907.60,6508.78,5800.51,5326.73,6182.25,6377.29,6331.46,6491.42,6665.73,6852.02,7029.77,7227.04
South Sudan,SSD,0.00,0.00,0.00,0.00,0.00,0.00,0.00,0.00,0.00,0.00,0.00,0.00,0.00,0.00,0.00,0.00,0.00,0.00,0.00,0.00,0.00,0.00,0.00,0.00,0.00,0.00,0.00,0.00,0.00,0.00,0.00,1644.74,1041.46,1337.23,1309.95,1051.19,241.53,234.34,302.78,235.52,202.71,207.19,276.63,267.82,261.94
Spain,ESP,6112.88,5368.61,5158.76,4490.71,4460.60,4683.16,6461.29,8167.06,9574.95,10540.02,13649.28,14661.18,15973.58,13376.56,13386.46,15437.36,16055.97,14746.42,15418.91,15774.44,14721.70,15365.80,17075.47,21528.29,24981.31,26547.91,28530.04,32748.09,35725.35,32412.77,30803.47,31868.86,28583.74,29237.72,29686.68,25849.69,26681.82,28377.76,30697.26,30631.33,31943.58,33135.13,34414.48,35663.55,37066.65
Sri Lanka,LKA,322.97,331.57,353.51,377.21,437.45,428.51,454.72,468.85,485.17,482.13,546.34,591.05,629.98,666.44,761.44,802.02,873.67,968.15,992.41,992.64,1031.36,983.97,1027.57,1125.19,1221.08,1431.30,1645.07,1869.83,2336.44,2396.63,2807.66,3212.76,3349.78,3608.29,3818.40,3842.25,3856.82,4073.44,4067.85,3837.11,4054.43,4291.53,4546.30,4809.55,5084.74
Sweden,SWE,16611.45,15153.91,13370.54,12287.58,12780.66,13345.57,17574.09,21282.67,23951.92,24985.75,29792.96,31075.22,32142.44,24034.57,25672.07,29911.82,32614.25,29932.76,30180.21,30601.86,29287.80,26970.43,29566.18,36936.66,42407.83,43048.11,46145.74,53185.65,55592.67,46047.31,51925.60,59454.40,56978.61,60069.35,58930.15,50565.10,51245.36,52924.37,53873.38,53004.47,55340.25,57584.10,60604.84,63756.00,67248.88
Switzerland,CHE,18869.57,17190.99,17508.12,17360.01,16532.26,16694.34,23816.31,29646.52,31881.40,30545.68,38660.03,38655.81,39686.86,38242.33,41996.76,48833.74,46764.51,40469.55,41547.91,40642.24,37993.80,38715.76,41554.55,48284.64,53446.73,55115.31,57801.08,63959.84,72941.18,70321.90,74884.83,88903.38,83958.55,85675.76,87161.62,82510.45,80490.76,80642.58,82950.28,82411.62,85257.66,87801.67,90872.07,93886.36,97040.61
Syria,SYR,1421.84,1763.34,1784.58,1849.43,1839.92,1965.14,2284.04,2823.16,1389.82,800.86,967.15,972.18,983.58,995.06,1060.71,1133.16,1186.16,1080.81,1028.17,1043.17,1202.89,1236.90,1305.09,1208.89,1361.50,1510.39,1726.03,2016.05,2557.21,2557.27,2806.69,0.00,0.00,0.00,0.00,0.00,0.00,0.00,0.00,0.00,0.00,0.00,0.00,0.00,0.00
Tajikistan,TJK,0.00,0.00,0.00,0.00,0.00,0.00,0.00,0.00,0.00,0.00,0.00,0.00,52.62,121.65,147.92,100.45,183.37,192.58,222.28,177.71,159.42,167.04,187.96,236.39,308.84,337.13,401.59,519.03,702.45,666.02,738.29,834.52,949.65,1040.15,1105.20,919.07,795.98,800.80,825.77,828.45,827.23,843.36,863.01,881.03,898.16
Tanzania,TZA,398.21,462.38,515.82,513.73,454.85,399.69,492.45,236.58,221.86,181.66,138.79,157.93,140.48,125.67,129.72,147.75,179.54,211.07,303.01,363.11,378.49,378.88,383.70,399.48,425.48,450.40,481.67,541.79,671.87,683.86,725.77,765.33,882.48,996.78,1069.71,993.84,1022.54,1064.46,1133.53,1172.18,1221.81,1274.30,1334.89,1398.38,1465.16
Thailand,THA,718.75,751.86,773.79,835.33,853.68,775.78,840.48,969.08,1159.09,1349.93,1571.26,1777.47,2025.52,2234.18,2515.15,2871.56,3071.06,2492.62,1866.60,2057.32,2030.73,1921.67,2133.12,2404.94,2714.64,2955.79,3442.39,4058.39,4471.12,4298.30,5174.53,5600.64,5979.22,6296.19,6079.69,5967.67,6113.80,6730.56,7187.19,7607.67,8048.58,8485.68,8952.21,9458.70,9949.03
Togo,TGO,556.56,447.16,363.67,334.43,296.44,300.40,407.29,463.25,500.24,477.39,560.68,541.95,557.23,416.36,315.86,406.55,431.28,425.03,388.93,377.80,311.50,300.95,337.73,409.21,427.31,422.16,425.30,444.01,539.75,533.05,527.82,579.54,565.01,613.63,633.07,563.76,589.74,614.97,670.28,682.41,729.95,777.53,828.72,881.29,939.34
Trinidad and Tobago,TTO,5844.66,6451.06,7389.25,6935.75,6827.60,6407.75,4118.85,4083.15,3796.41,3623.43,4219.12,4390.02,4471.24,3741.17,4024.88,4319.50,4655.85,4629.73,4869.37,5475.18,6541.69,7042.21,7159.00,8927.64,10438.77,12467.75,14273.56,16807.87,21464.21,14801.21,16958.00,19320.96,19208.07,20173.25,20288.06,18470.34,15913.98,16107.41,16223.46,16243.18,16745.87,17429.30,18154.11,18928.08,19778.18
Tunisia,TUN,1482.82,1390.41,1309.90,1322.84,1286.60,1271.85,1312.23,1382.41,1411.51,1386.02,1636.64,1687.19,1973.45,1814.88,1903.85,2156.45,2299.38,2210.81,2295.19,2388.99,2213.95,2254.91,2345.99,2762.05,3112.91,3194.48,3371.54,3778.38,4308.48,4131.02,4140.49,4256.84,4137.58,4198.85,4274.47,3827.64,3666.31,3464.72,3423.18,3072.51,2952.99,3039.16,3244.47,3485.01,3743.27
Turkey,TUR,2132.15,2111.55,1875.29,1752.07,1667.26,1833.86,1982.41,2259.89,2335.49,2707.19,3735.77,3686.18,3817.29,4259.48,3024.16,3877.10,4095.58,4220.60,4387.31,4019.00,4218.86,3053.28,3589.39,4642.90,5952.83,7277.94,7898.99,9562.94,10691.76,8881.76,10475.57,11140.95,11552.69,12395.37,12022.18,10914.89,10817.39,10537.19,9346.23,8506.56,9632.93,10932.91,11476.15,11994.34,12559.46
Turkmenistan,TKM,0.00,0.00,0.00,0.00,0.00,0.00,0.00,0.00,0.00,0.00,0.00,0.00,239.15,1335.63,1102.52,1394.43,554.28,614.77,647.36,861.86,1109.22,1514.43,1880.29,2443.63,3004.97,3596.23,4429.64,5312.93,4350.13,4036.46,4439.20,5649.98,6675.28,7304.42,7962.37,6432.67,6412.14,6642.52,7645.92,8430.86,9460.97,10477.64,11432.54,12497.66,13673.28
Uganda,UGA,512.20,804.73,541.85,601.02,447.81,396.29,381.13,592.63,591.64,462.40,363.93,183.80,166.50,190.45,266.87,309.75,309.38,326.72,310.18,285.56,273.96,268.07,278.96,278.83,331.99,372.28,406.74,488.91,604.63,628.76,662.22,669.30,755.42,767.24,775.10,646.89,676.95,702.24,724.37,759.07,815.57,864.77,929.33,963.53,1032.19
Ukraine,UKR,0.00,0.00,0.00,0.00,0.00,0.00,0.00,0.00,0.00,0.00,0.00,0.00,427.86,677.26,740.97,752.34,914.35,1037.89,874.27,664.99,664.38,784.86,885.32,1055.95,1374.75,1839.52,2319.29,3101.39,3944.72,2557.28,2982.81,3589.63,3872.53,3968.80,3053.61,2124.62,2200.00,2655.94,2963.47,3220.93,3528.33,3865.47,4227.62,4618.32,5036.43
United Arab Emirates,ARE,40014.58,40910.92,35767.65,31690.07,29017.09,27036.00,20533.02,21644.07,18435.20,20478.53,26621.51,25847.41,25960.97,25654.37,25762.53,26394.42,29058.86,29523.49,25897.65,27321.04,34688.98,32621.29,32790.71,35017.31,39304.51,43988.67,44313.59,41472.29,39074.84,30920.45,35064.26,41194.73,42723.58,43197.43,43340.02,37380.57,36226.24,37732.66,40711.45,39806.33,40544.80,41126.69,41725.51,42372.83,43083.73
United Kingdom,GBR,10734.57,10429.26,9925.51,9456.70,8943.27,9491.99,11551.07,14294.99,17364.25,17617.85,20808.23,21671.88,22305.36,19925.66,21344.25,23026.71,24256.46,26647.95,28077.34,28435.06,28043.87,27510.33,29912.99,34302.42,40111.75,41842.70,44403.81,50315.56,47469.38,38601.32,39122.19,41649.66,42023.10,42981.25,47003.88,44494.86,40657.86,39975.38,42558.00,42310.04,43522.46,44771.81,46245.29,47836.09,49568.56
United States of America,USA,12552.94,13948.70,14404.99,15513.68,17086.44,18199.32,19034.77,20000.97,21376.00,22814.08,23847.98,24302.78,25392.93,26364.19,27674.02,28671.48,29946.97,31440.09,32833.67,34494.54,36317.74,37101.10,37971.28,39411.55,41629.86,44025.56,46213.51,47869.24,48283.41,47007.67,48402.58,49825.50,51556.17,53061.24,54992.73,56770.40,57876.63,59895.00,62605.59,64767.44,66899.87,69024.58,71122.21,73267.80,75456.19
Uruguay,URY,3810.87,4224.26,3431.16,1871.40,1768.23,1716.87,2119.54,2637.02,2712.19,2842.58,3289.12,3940.85,4501.82,5213.03,6015.24,6601.54,6974.81,7295.99,7667.11,7193.47,6817.36,6238.21,4073.42,3614.63,4102.58,5189.89,5842.81,6984.82,9029.33,9372.49,11859.90,14054.33,14961.68,16723.45,16572.36,15365.96,15139.12,16941.56,17164.89,17118.22,17961.62,18903.82,19886.00,20942.56,22009.25
Uzbekistan,UZB,0.00,0.00,0.00,0.00,0.00,0.00,0.00,0.00,0.00,0.00,0.00,0.00,166.62,251.77,292.67,448.13,601.91,616.11,616.90,693.22,560.17,468.77,384.50,398.33,466.85,549.95,647.08,836.59,1056.62,1215.27,1404.85,1577.48,1753.44,1923.75,2069.77,2143.26,2124.11,1520.10,1262.86,1483.26,1648.48,1820.18,2004.74,2223.63,2465.59
Venezuela,VEN,4671.08,5085.58,5041.59,4883.23,3447.45,3472.19,3488.56,2619.24,3292.79,2378.16,2492.94,2685.29,2968.50,2876.08,2741.98,3559.77,3174.63,3777.79,3973.42,4121.58,4823.96,4965.41,3790.66,3265.55,4309.50,5418.44,6609.95,8133.31,10464.26,8442.84,10316.83,11541.88,11287.30,7869.44,7029.89,10568.10,9092.02,4717.53,3373.69,2724.17,2583.94,2342.87,2186.87,2062.04,2069.53
Vietnam,VNM,513.97,250.86,326.33,482.44,822.55,251.20,556.02,674.88,365.89,97.16,98.03,113.65,144.15,189.26,230.31,288.87,337.52,361.91,360.93,374.72,401.57,413.34,440.21,489.03,603.67,699.68,796.93,920.46,1154.49,1181.45,1297.23,1532.31,1750.76,1898.90,2047.43,2085.71,2172.01,2353.36,2551.12,2725.83,2928.96,3144.60,3383.55,3645.96,3931.64
Yemen,YEM,0.00,0.00,0.00,0.00,0.00,0.00,0.00,0.00,0.00,0.00,1046.18,1158.44,1351.44,1558.43,1919.18,840.83,411.27,418.53,374.91,439.29,539.64,532.42,560.03,597.77,682.15,797.70,881.65,971.33,1171.17,1060.93,1266.79,1302.30,1367.72,1515.95,1574.25,1507.17,1063.03,894.64,873.38,918.80,966.54,1002.37,1037.52,1075.29,1093.40
Zambia,ZMB,718.80,718.74,672.01,562.44,448.53,412.85,276.15,332.27,543.32,561.83,509.75,446.78,424.95,405.59,405.54,410.54,378.71,440.70,352.63,330.28,340.16,376.99,376.47,429.01,530.54,691.79,1030.28,1103.45,1365.69,1134.76,1456.16,1635.51,1724.71,1839.54,1727.03,1310.35,1252.70,1500.65,1416.72,1343.57,1338.41,1354.09,1377.76,1407.90,1440.74
Zimbabwe,ZWE,0.00,0.00,0.00,0.00,0.00,0.00,0.00,0.00,0.00,0.00,1036.53,936.26,748.65,702.44,714.03,717.09,849.88,881.22,1029.20,1003.83,969.82,964.08,922.88,822.47,806.90,764.63,677.88,646.56,553.38,790.35,975.85,1131.84,1310.37,1421.55,1415.03,1412.32,1382.89,1471.41,1711.82,1423.49,1606.81,1704.43,1802.95,1899.23,2000.74
World,-,2846.73,2862.16,2760.41,2785.18,2834.21,2911.74,3365.14,3807.70,4210.42,4353.91,4746.08,4845.50,4795.50,4844.38,5124.57,5619.64,5687.07,5589.32,5446.13,5564.05,5666.69,5554.18,5648.70,6236.66,6931.56,7418.27,7936.53,8848.16,9583.46,8970.88,9691.38,10652.45,10722.80,10899.01,11064.65,10358.88,10381.39,10856.46,11354.91,11565.63,12102.49,12638.97,13194.33,13779.54,14394.32